"state","year","month","period","indicator","data_value","percent_complete","percent_pending_investigation","state_name","footnote","footnote_symbol","predicted_value"
"AK","2015","January","12 month-ending","Cocaine (T40.5)",,"100","0","Alaska","Numbers may differ from published reports using final data. See Technical Notes. Data not shown due to low data quality.","**",
"AK","2015","February","12 month-ending","Cocaine (T40.5)",,"100","0","Alaska","Numbers may differ from published reports using final data. See Technical Notes. Data not shown due to low data quality.","**",
"AK","2015","March","12 month-ending","Cocaine (T40.5)",,"100","0","Alaska","Numbers may differ from published reports using final data. See Technical Notes. Data not shown due to low data quality.","**",
"AK","2015","April","12 month-ending","Cocaine (T40.5)",,"100","0","Alaska","Numbers may differ from published reports using final data. See Technical Notes. Data not shown due to low data quality.","**",
"AK","2015","May","12 month-ending","Cocaine (T40.5)",,"100","0","Alaska","Numbers may differ from published reports using final data. See Technical Notes. Data not shown due to low data quality.","**",
"AK","2015","June","12 month-ending","Cocaine (T40.5)",,"100","0","Alaska","Numbers may differ from published reports using final data. See Technical Notes. Data not shown due to low data quality.","**",
"AK","2015","July","12 month-ending","Cocaine (T40.5)",,"100","0","Alaska","Numbers may differ from published reports using final data. See Technical Notes. Data not shown due to low data quality.","**",
"AK","2015","August","12 month-ending","Cocaine (T40.5)",,"100","0","Alaska","Numbers may differ from published reports using final data. See Technical Notes. Data not shown due to low data quality.","**",
"AK","2015","September","12 month-ending","Cocaine (T40.5)",,"100","0","Alaska","Numbers may differ from published reports using final data. See Technical Notes. Data not shown due to low data quality.","**",
"AK","2015","October","12 month-ending","Cocaine (T40.5)",,"100","0","Alaska","Numbers may differ from published reports using final data. See Technical Notes.  Data suppressed (<10).","**",
"AK","2015","November","12 month-ending","Cocaine (T40.5)",,"100","0","Alaska","Numbers may differ from published reports using final data. See Technical Notes.  Data suppressed (<10).","**",
"AK","2015","December","12 month-ending","Cocaine (T40.5)",,"100","0","Alaska","Numbers may differ from published reports using final data. See Technical Notes. Data not shown due to low data quality.","**",
"AK","2016","January","12 month-ending","Cocaine (T40.5)",,"100","0","Alaska","Numbers may differ from published reports using final data. See Technical Notes.  Data suppressed (<10).","**",
"AK","2016","February","12 month-ending","Cocaine (T40.5)",,"100","0","Alaska","Numbers may differ from published reports using final data. See Technical Notes.  Data suppressed (<10).","**",
"AK","2016","March","12 month-ending","Cocaine (T40.5)",,"100","0","Alaska","Numbers may differ from published reports using final data. See Technical Notes.  Data suppressed (<10).","**",
"AK","2016","April","12 month-ending","Cocaine (T40.5)","11","100","0","Alaska","Numbers may differ from published reports using final data. See Technical Notes.","**","11"
"AK","2016","May","12 month-ending","Cocaine (T40.5)","11","100","0","Alaska","Numbers may differ from published reports using final data. See Technical Notes.","**","11"
"AK","2016","June","12 month-ending","Cocaine (T40.5)","11","100","0","Alaska","Numbers may differ from published reports using final data. See Technical Notes.","**","11"
"AK","2016","July","12 month-ending","Cocaine (T40.5)","13","100","0","Alaska","Numbers may differ from published reports using final data. See Technical Notes.","**","13"
"AK","2016","August","12 month-ending","Cocaine (T40.5)","12","100","0.023386342","Alaska","Numbers may differ from published reports using final data. See Technical Notes.","**","12"
"AK","2016","September","12 month-ending","Cocaine (T40.5)","11","100","0.046992481","Alaska","Numbers may differ from published reports using final data. See Technical Notes.","**","11"
"AK","2016","October","12 month-ending","Cocaine (T40.5)","13","100","0.069913773","Alaska","Numbers may differ from published reports using final data. See Technical Notes.","**","13"
"AK","2016","November","12 month-ending","Cocaine (T40.5)","15","100","0.069946374","Alaska","Numbers may differ from published reports using final data. See Technical Notes.","**","15"
"AK","2016","December","12 month-ending","Cocaine (T40.5)","15","100","0.068886338","Alaska","Numbers may differ from published reports using final data. See Technical Notes.","**","15"
"AK","2017","January","12 month-ending","Cocaine (T40.5)","15","100","0.068587106","Alaska","Numbers may differ from published reports using final data. See Technical Notes.","**","15"
"AK","2017","February","12 month-ending","Cocaine (T40.5)","18","100","0.069013112","Alaska","Numbers may differ from published reports using final data. See Technical Notes.","**","18"
"AK","2017","March","12 month-ending","Cocaine (T40.5)","19","100","0.068823125","Alaska","Numbers may differ from published reports using final data. See Technical Notes.","**","19"
"AK","2017","April","12 month-ending","Cocaine (T40.5)","16","100","0.069364162","Alaska","Numbers may differ from published reports using final data. See Technical Notes.","**","16"
"AK","2017","May","12 month-ending","Cocaine (T40.5)","18","100","0.070142623","Alaska","Numbers may differ from published reports using final data. See Technical Notes.","**","18"
"AK","2017","June","12 month-ending","Cocaine (T40.5)","20","100","0.070159027","Alaska","Numbers may differ from published reports using final data. See Technical Notes.","**","20"
"AK","2017","July","12 month-ending","Cocaine (T40.5)","20","100","0.07082153","Alaska","Numbers may differ from published reports using final data. See Technical Notes.","**","20"
"AK","2017","August","12 month-ending","Cocaine (T40.5)","21","100","0.047236656","Alaska","Numbers may differ from published reports using final data. See Technical Notes.","**","21"
"AK","2017","September","12 month-ending","Cocaine (T40.5)","22","100","0.023261224","Alaska","Numbers may differ from published reports using final data. See Technical Notes.","**","22"
"AK","2017","October","12 month-ending","Cocaine (T40.5)","20","100","0","Alaska","Numbers may differ from published reports using final data. See Technical Notes.","**","20"
"AK","2017","November","12 month-ending","Cocaine (T40.5)","17","100","0","Alaska","Numbers may differ from published reports using final data. See Technical Notes.","**","17"
"AK","2017","December","12 month-ending","Cocaine (T40.5)","18","100","0","Alaska","Numbers may differ from published reports using final data. See Technical Notes.","**","18"
"AK","2018","January","12 month-ending","Cocaine (T40.5)","16","100","0","Alaska","Numbers may differ from published reports using final data. See Technical Notes.","**","16"
"AK","2018","February","12 month-ending","Cocaine (T40.5)","14","100","0","Alaska","Numbers may differ from published reports using final data. See Technical Notes.","**","14"
"AK","2018","March","12 month-ending","Cocaine (T40.5)","13","100","0","Alaska","Numbers may differ from published reports using final data. See Technical Notes.","**","13"
"AK","2018","April","12 month-ending","Cocaine (T40.5)","15","100","0","Alaska","Numbers may differ from published reports using final data. See Technical Notes.","**","15"
"AK","2018","May","12 month-ending","Cocaine (T40.5)","12","100","0","Alaska","Numbers may differ from published reports using final data. See Technical Notes.","**","12"
"AK","2018","June","12 month-ending","Cocaine (T40.5)","10","100","0","Alaska","Numbers may differ from published reports using final data. See Technical Notes.","**","10"
"AK","2018","July","12 month-ending","Cocaine (T40.5)",,"100","0","Alaska","Numbers may differ from published reports using final data. See Technical Notes.  Data suppressed (<10).","**",
"AK","2018","August","12 month-ending","Cocaine (T40.5)",,"100","0","Alaska","Numbers may differ from published reports using final data. See Technical Notes.  Data suppressed (<10).","**",
"AK","2018","September","12 month-ending","Cocaine (T40.5)",,"100","0","Alaska","Numbers may differ from published reports using final data. See Technical Notes.  Data suppressed (<10).","**",
"AK","2018","October","12 month-ending","Cocaine (T40.5)",,"100","0","Alaska","Numbers may differ from published reports using final data. See Technical Notes.  Data suppressed (<10).","**",
"AK","2018","November","12 month-ending","Cocaine (T40.5)","10","100","0","Alaska","Numbers may differ from published reports using final data. See Technical Notes.","**","10"
"AK","2018","December","12 month-ending","Cocaine (T40.5)","10","100","0","Alaska","Numbers may differ from published reports using final data. See Technical Notes.","**","10"
"AK","2019","January","12 month-ending","Cocaine (T40.5)","10","100","0","Alaska","Numbers may differ from published reports using final data. See Technical Notes.","**","10"
"AK","2019","February","12 month-ending","Cocaine (T40.5)","11","100","0","Alaska","Numbers may differ from published reports using final data. See Technical Notes.","**","11"
"AK","2019","March","12 month-ending","Cocaine (T40.5)","12","100","0","Alaska","Numbers may differ from published reports using final data. See Technical Notes.","**","12"
"AK","2019","April","12 month-ending","Cocaine (T40.5)","10","100","0","Alaska","Numbers may differ from published reports using final data. See Technical Notes.","**","10"
"AK","2019","May","12 month-ending","Cocaine (T40.5)","12","100","0","Alaska","Numbers may differ from published reports using final data. See Technical Notes.","**","12"
"AK","2019","June","12 month-ending","Cocaine (T40.5)","12","100","0","Alaska","Numbers may differ from published reports using final data. See Technical Notes.","**","12"
"AK","2019","July","12 month-ending","Cocaine (T40.5)","13","100","0","Alaska","Numbers may differ from published reports using final data. See Technical Notes.","**","13"
"AK","2019","August","12 month-ending","Cocaine (T40.5)","12","100","0","Alaska","Numbers may differ from published reports using final data. See Technical Notes.","**","12"
"AK","2019","September","12 month-ending","Cocaine (T40.5)","12","100","0","Alaska","Numbers may differ from published reports using final data. See Technical Notes.","**","12"
"AK","2019","October","12 month-ending","Cocaine (T40.5)","12","100","0","Alaska","Numbers may differ from published reports using final data. See Technical Notes.","**","12"
"AK","2019","November","12 month-ending","Cocaine (T40.5)",,"100","0","Alaska","Numbers may differ from published reports using final data. See Technical Notes.  Data suppressed (<10).","**",
"AK","2019","December","12 month-ending","Cocaine (T40.5)",,"100","0","Alaska","Numbers may differ from published reports using final data. See Technical Notes.  Data suppressed (<10).","**",
"AK","2020","January","12 month-ending","Cocaine (T40.5)",,"100","0","Alaska","Numbers may differ from published reports using final data. See Technical Notes.  Data suppressed (<10).","**",
"AK","2020","February","12 month-ending","Cocaine (T40.5)",,"100","0","Alaska","Numbers may differ from published reports using final data. See Technical Notes.  Data suppressed (<10).","**",
"AK","2020","March","12 month-ending","Cocaine (T40.5)",,"100","0","Alaska","Numbers may differ from published reports using final data. See Technical Notes.  Data suppressed (<10).","**",
"AK","2020","April","12 month-ending","Cocaine (T40.5)","10","100","0","Alaska","Numbers may differ from published reports using final data. See Technical Notes.","**","10"
"AK","2020","May","12 month-ending","Cocaine (T40.5)","10","100","0","Alaska","Numbers may differ from published reports using final data. See Technical Notes.","**","10"
"AK","2020","June","12 month-ending","Cocaine (T40.5)","12","100","0","Alaska","Numbers may differ from published reports using final data. See Technical Notes.","**","12"
"AK","2020","July","12 month-ending","Cocaine (T40.5)","13","100","0","Alaska","Numbers may differ from published reports using final data. See Technical Notes.","**","13"
"AK","2020","August","12 month-ending","Cocaine (T40.5)","13","100","0","Alaska","Numbers may differ from published reports using final data. See Technical Notes.","**","13"
"AK","2020","September","12 month-ending","Cocaine (T40.5)","13","100","0","Alaska","Numbers may differ from published reports using final data. See Technical Notes.","**","13"
"AK","2020","October","12 month-ending","Cocaine (T40.5)","15","100","0","Alaska","Numbers may differ from published reports using final data. See Technical Notes.","**","15"
"AK","2020","November","12 month-ending","Cocaine (T40.5)","18","100","0","Alaska","Numbers may differ from published reports using final data. See Technical Notes.","**","18"
"AK","2020","December","12 month-ending","Cocaine (T40.5)","21","100","0","Alaska","Numbers may differ from published reports using final data. See Technical Notes.","**","21"
"AK","2021","January","12 month-ending","Cocaine (T40.5)","20","100","0","Alaska","Numbers may differ from published reports using final data. See Technical Notes.","**","20"
"AK","2021","February","12 month-ending","Cocaine (T40.5)","21","100","0","Alaska","Numbers may differ from published reports using final data. See Technical Notes.","**","21"
"AK","2021","March","12 month-ending","Cocaine (T40.5)","20","100","0","Alaska","Numbers may differ from published reports using final data. See Technical Notes.","**","20"
"AK","2021","April","12 month-ending","Cocaine (T40.5)","19","100","0","Alaska","Numbers may differ from published reports using final data. See Technical Notes.","**","19"
"AK","2021","May","12 month-ending","Cocaine (T40.5)","18","100","0","Alaska","Numbers may differ from published reports using final data. See Technical Notes.","**","18"
"AK","2021","June","12 month-ending","Cocaine (T40.5)","17","100","0","Alaska","Numbers may differ from published reports using final data. See Technical Notes.","**","17"
"AK","2021","July","12 month-ending","Cocaine (T40.5)","17","100","0","Alaska","Numbers may differ from published reports using final data. See Technical Notes.","**","17"
"AK","2021","August","12 month-ending","Cocaine (T40.5)","18","100","0","Alaska","Numbers may differ from published reports using final data. See Technical Notes.","**","18"
"AK","2021","September","12 month-ending","Cocaine (T40.5)","18","100","0","Alaska","Numbers may differ from published reports using final data. See Technical Notes.","**","18"
"AK","2021","October","12 month-ending","Cocaine (T40.5)","17","100","0","Alaska","Numbers may differ from published reports using final data. See Technical Notes.","**","17"
"AK","2021","November","12 month-ending","Cocaine (T40.5)","14","100","0","Alaska","Numbers may differ from published reports using final data. See Technical Notes.","**","14"
"AK","2021","December","12 month-ending","Cocaine (T40.5)","11","100","0","Alaska","Numbers may differ from published reports using final data. See Technical Notes.","**","11"
"AK","2022","January","12 month-ending","Cocaine (T40.5)","10","100","0","Alaska","Numbers may differ from published reports using final data. See Technical Notes.","**","10"
"AK","2022","February","12 month-ending","Cocaine (T40.5)","10","100","0","Alaska","Numbers may differ from published reports using final data. See Technical Notes.","**","10"
"AK","2022","March","12 month-ending","Cocaine (T40.5)",,"100","0","Alaska","Numbers may differ from published reports using final data. See Technical Notes.  Data suppressed (<10).","**",
"AK","2022","April","12 month-ending","Cocaine (T40.5)",,"100","0","Alaska","Numbers may differ from published reports using final data. See Technical Notes.  Data suppressed (<10).","**",
"AK","2022","May","12 month-ending","Cocaine (T40.5)",,"100","0","Alaska","Numbers may differ from published reports using final data. See Technical Notes.  Data suppressed (<10).","**",
"AK","2022","June","12 month-ending","Cocaine (T40.5)","10","100","0","Alaska","Numbers may differ from published reports using final data. See Technical Notes.","**","10"
"AK","2022","July","12 month-ending","Cocaine (T40.5)",,"100","0","Alaska","Numbers may differ from published reports using final data. See Technical Notes.  Data suppressed (<10).","**",
"AK","2022","August","12 month-ending","Cocaine (T40.5)","10","100","0","Alaska","Numbers may differ from published reports using final data. See Technical Notes.","**","10"
"AK","2022","September","12 month-ending","Cocaine (T40.5)","10","100","0","Alaska","Numbers may differ from published reports using final data. See Technical Notes.","**","10"
"AK","2022","October","12 month-ending","Cocaine (T40.5)","13","100","0","Alaska","Numbers may differ from published reports using final data. See Technical Notes.","**","13"
"AK","2022","November","12 month-ending","Cocaine (T40.5)","16","100","0","Alaska","Numbers may differ from published reports using final data. See Technical Notes.","**","16"
"AK","2022","December","12 month-ending","Cocaine (T40.5)","21","100","0","Alaska","Numbers may differ from published reports using final data. See Technical Notes.","**","21"
"AK","2023","January","12 month-ending","Cocaine (T40.5)","22","100","0","Alaska","Numbers may differ from published reports using final data. See Technical Notes.","**","22"
"AK","2023","February","12 month-ending","Cocaine (T40.5)","21","100","0","Alaska","Numbers may differ from published reports using final data. See Technical Notes.","**","21"
"AK","2023","March","12 month-ending","Cocaine (T40.5)","22","100","0","Alaska","Numbers may differ from published reports using final data. See Technical Notes.","**","22"
"AK","2023","April","12 month-ending","Cocaine (T40.5)","24","100","0","Alaska","Numbers may differ from published reports using final data. See Technical Notes.","**","24"
"AK","2023","May","12 month-ending","Cocaine (T40.5)","27","100","0","Alaska","Numbers may differ from published reports using final data. See Technical Notes.","**","27"
"AK","2023","June","12 month-ending","Cocaine (T40.5)","28","100","0","Alaska","Numbers may differ from published reports using final data. See Technical Notes.","**","28"
"AK","2023","July","12 month-ending","Cocaine (T40.5)","29","100","0","Alaska","Numbers may differ from published reports using final data. See Technical Notes.","**","29"
"AK","2023","August","12 month-ending","Cocaine (T40.5)","31","100","0","Alaska","Numbers may differ from published reports using final data. See Technical Notes.","**","31"
"AK","2023","September","12 month-ending","Cocaine (T40.5)","34","100","0","Alaska","Numbers may differ from published reports using final data. See Technical Notes.","**","34"
"AK","2023","October","12 month-ending","Cocaine (T40.5)","31","100","0","Alaska","Numbers may differ from published reports using final data. See Technical Notes.","**","31"
"AK","2023","November","12 month-ending","Cocaine (T40.5)","30","100","0","Alaska","Numbers may differ from published reports using final data. See Technical Notes.","**","30"
"AK","2023","December","12 month-ending","Cocaine (T40.5)","31","100","0","Alaska","Numbers may differ from published reports using final data. See Technical Notes.","**","31"
"AK","2024","January","12 month-ending","Cocaine (T40.5)","35","100","0","Alaska","Underreported due to incomplete data.","*","35"
"AK","2024","February","12 month-ending","Cocaine (T40.5)","36","100","0","Alaska","Underreported due to incomplete data.","*","36"
"AK","2024","March","12 month-ending","Cocaine (T40.5)","36","100","0","Alaska","Underreported due to incomplete data.","*","36"
"AK","2024","April","12 month-ending","Cocaine (T40.5)","39","100","0","Alaska","Underreported due to incomplete data.","*","39"
"AK","2024","May","12 month-ending","Cocaine (T40.5)","39","100","0","Alaska","Underreported due to incomplete data.","*","39"
"AK","2024","June","12 month-ending","Cocaine (T40.5)","38","100","0","Alaska","Underreported due to incomplete data.","*","38"
"AK","2024","July","12 month-ending","Cocaine (T40.5)","39","100","0","Alaska","Underreported due to incomplete data.","*","39"
"AK","2024","August","12 month-ending","Cocaine (T40.5)","37","100","0","Alaska","Underreported due to incomplete data.","*","37"
"AK","2024","September","12 month-ending","Cocaine (T40.5)","33","100","0","Alaska","Underreported due to incomplete data.","*","33"
"AK","2024","October","12 month-ending","Cocaine (T40.5)","32","100","0","Alaska","Underreported due to incomplete data.","*","32"
"AK","2024","November","12 month-ending","Cocaine (T40.5)","34","100","0","Alaska","Underreported due to incomplete data.","*","34"
"AK","2024","December","12 month-ending","Cocaine (T40.5)","31","100","0","Alaska","Underreported due to incomplete data.","*","31"
"AK","2025","January","12 month-ending","Cocaine (T40.5)","26","100","0","Alaska","Underreported due to incomplete data.","*","26"
"AK","2025","February","12 month-ending","Cocaine (T40.5)","28","100","0","Alaska","Underreported due to incomplete data.","*","28"
"AK","2025","March","12 month-ending","Cocaine (T40.5)","30","100","0","Alaska","Underreported due to incomplete data.","*","30"
"AK","2025","April","12 month-ending","Cocaine (T40.5)","28","100","0","Alaska","Underreported due to incomplete data.","*","28"
"AK","2025","May","12 month-ending","Cocaine (T40.5)","28","100","0","Alaska","Underreported due to incomplete data.","*","28"
"AK","2025","June","12 month-ending","Cocaine (T40.5)","30","100","0","Alaska","Underreported due to incomplete data.","*","30"
"AK","2025","July","12 month-ending","Cocaine (T40.5)","31","100","0","Alaska","Underreported due to incomplete data.","*","31"
"AK","2025","August","12 month-ending","Cocaine (T40.5)","31","100","0","Alaska","Underreported due to incomplete data.","*","31"
"AK","2025","September","12 month-ending","Cocaine (T40.5)","35","100","0","Alaska","Underreported due to incomplete data.","*","35"
"AK","2025","October","12 month-ending","Cocaine (T40.5)","38","100","0","Alaska","Underreported due to incomplete data.","*","38"
"AK","2015","January","12 month-ending","Heroin (T40.1)",,"100","0","Alaska","Numbers may differ from published reports using final data. See Technical Notes. Data not shown due to low data quality.","**",
"AK","2015","February","12 month-ending","Heroin (T40.1)",,"100","0","Alaska","Numbers may differ from published reports using final data. See Technical Notes. Data not shown due to low data quality.","**",
"AK","2015","March","12 month-ending","Heroin (T40.1)",,"100","0","Alaska","Numbers may differ from published reports using final data. See Technical Notes. Data not shown due to low data quality.","**",
"AK","2015","April","12 month-ending","Heroin (T40.1)",,"100","0","Alaska","Numbers may differ from published reports using final data. See Technical Notes. Data not shown due to low data quality.","**",
"AK","2015","May","12 month-ending","Heroin (T40.1)",,"100","0","Alaska","Numbers may differ from published reports using final data. See Technical Notes. Data not shown due to low data quality.","**",
"AK","2015","June","12 month-ending","Heroin (T40.1)",,"100","0","Alaska","Numbers may differ from published reports using final data. See Technical Notes. Data not shown due to low data quality.","**",
"AK","2015","July","12 month-ending","Heroin (T40.1)",,"100","0","Alaska","Numbers may differ from published reports using final data. See Technical Notes. Data not shown due to low data quality.","**",
"AK","2015","August","12 month-ending","Heroin (T40.1)",,"100","0","Alaska","Numbers may differ from published reports using final data. See Technical Notes. Data not shown due to low data quality.","**",
"AK","2015","September","12 month-ending","Heroin (T40.1)",,"100","0","Alaska","Numbers may differ from published reports using final data. See Technical Notes. Data not shown due to low data quality.","**",
"AK","2015","October","12 month-ending","Heroin (T40.1)","39","100","0","Alaska","Numbers may differ from published reports using final data. See Technical Notes.","**","39"
"AK","2015","November","12 month-ending","Heroin (T40.1)","34","100","0","Alaska","Numbers may differ from published reports using final data. See Technical Notes.","**","34"
"AK","2015","December","12 month-ending","Heroin (T40.1)",,"100","0","Alaska","Numbers may differ from published reports using final data. See Technical Notes. Data not shown due to low data quality.","**",
"AK","2016","January","12 month-ending","Heroin (T40.1)","35","100","0","Alaska","Numbers may differ from published reports using final data. See Technical Notes.","**","35"
"AK","2016","February","12 month-ending","Heroin (T40.1)","37","100","0","Alaska","Numbers may differ from published reports using final data. See Technical Notes.","**","37"
"AK","2016","March","12 month-ending","Heroin (T40.1)","38","100","0","Alaska","Numbers may differ from published reports using final data. See Technical Notes.","**","38"
"AK","2016","April","12 month-ending","Heroin (T40.1)","40","100","0","Alaska","Numbers may differ from published reports using final data. See Technical Notes.","**","40"
"AK","2016","May","12 month-ending","Heroin (T40.1)","44","100","0","Alaska","Numbers may differ from published reports using final data. See Technical Notes.","**","44"
"AK","2016","June","12 month-ending","Heroin (T40.1)","40","100","0","Alaska","Numbers may differ from published reports using final data. See Technical Notes.","**","40"
"AK","2016","July","12 month-ending","Heroin (T40.1)","42","100","0","Alaska","Numbers may differ from published reports using final data. See Technical Notes.","**","42"
"AK","2016","August","12 month-ending","Heroin (T40.1)","39","100","0.023386342","Alaska","Numbers may differ from published reports using final data. See Technical Notes.","**","39"
"AK","2016","September","12 month-ending","Heroin (T40.1)","37","100","0.046992481","Alaska","Numbers may differ from published reports using final data. See Technical Notes.","**","37"
"AK","2016","October","12 month-ending","Heroin (T40.1)","38","100","0.069913773","Alaska","Numbers may differ from published reports using final data. See Technical Notes.","**","38"
"AK","2016","November","12 month-ending","Heroin (T40.1)","45","100","0.069946374","Alaska","Numbers may differ from published reports using final data. See Technical Notes.","**","45"
"AK","2016","December","12 month-ending","Heroin (T40.1)","49","100","0.068886338","Alaska","Numbers may differ from published reports using final data. See Technical Notes.","**","49"
"AK","2017","January","12 month-ending","Heroin (T40.1)","50","100","0.068587106","Alaska","Numbers may differ from published reports using final data. See Technical Notes.","**","50"
"AK","2017","February","12 month-ending","Heroin (T40.1)","49","100","0.069013112","Alaska","Numbers may differ from published reports using final data. See Technical Notes.","**","49"
"AK","2017","March","12 month-ending","Heroin (T40.1)","47","100","0.068823125","Alaska","Numbers may differ from published reports using final data. See Technical Notes.","**","47"
"AK","2017","April","12 month-ending","Heroin (T40.1)","43","100","0.069364162","Alaska","Numbers may differ from published reports using final data. See Technical Notes.","**","43"
"AK","2017","May","12 month-ending","Heroin (T40.1)","40","100","0.070142623","Alaska","Numbers may differ from published reports using final data. See Technical Notes.","**","40"
"AK","2017","June","12 month-ending","Heroin (T40.1)","42","100","0.070159027","Alaska","Numbers may differ from published reports using final data. See Technical Notes.","**","42"
"AK","2017","July","12 month-ending","Heroin (T40.1)","44","100","0.07082153","Alaska","Numbers may differ from published reports using final data. See Technical Notes.","**","44"
"AK","2017","August","12 month-ending","Heroin (T40.1)","46","100","0.047236656","Alaska","Numbers may differ from published reports using final data. See Technical Notes.","**","46"
"AK","2017","September","12 month-ending","Heroin (T40.1)","46","100","0.023261224","Alaska","Numbers may differ from published reports using final data. See Technical Notes.","**","46"
"AK","2017","October","12 month-ending","Heroin (T40.1)","46","100","0","Alaska","Numbers may differ from published reports using final data. See Technical Notes.","**","46"
"AK","2017","November","12 month-ending","Heroin (T40.1)","38","100","0","Alaska","Numbers may differ from published reports using final data. See Technical Notes.","**","38"
"AK","2017","December","12 month-ending","Heroin (T40.1)","36","100","0","Alaska","Numbers may differ from published reports using final data. See Technical Notes.","**","36"
"AK","2018","January","12 month-ending","Heroin (T40.1)","36","100","0","Alaska","Numbers may differ from published reports using final data. See Technical Notes.","**","36"
"AK","2018","February","12 month-ending","Heroin (T40.1)","37","100","0","Alaska","Numbers may differ from published reports using final data. See Technical Notes.","**","37"
"AK","2018","March","12 month-ending","Heroin (T40.1)","35","100","0","Alaska","Numbers may differ from published reports using final data. See Technical Notes.","**","35"
"AK","2018","April","12 month-ending","Heroin (T40.1)","36","100","0","Alaska","Numbers may differ from published reports using final data. See Technical Notes.","**","36"
"AK","2018","May","12 month-ending","Heroin (T40.1)","33","100","0","Alaska","Numbers may differ from published reports using final data. See Technical Notes.","**","33"
"AK","2018","June","12 month-ending","Heroin (T40.1)","31","100","0","Alaska","Numbers may differ from published reports using final data. See Technical Notes.","**","31"
"AK","2018","July","12 month-ending","Heroin (T40.1)","26","100","0","Alaska","Numbers may differ from published reports using final data. See Technical Notes.","**","26"
"AK","2018","August","12 month-ending","Heroin (T40.1)","24","100","0","Alaska","Numbers may differ from published reports using final data. See Technical Notes.","**","24"
"AK","2018","September","12 month-ending","Heroin (T40.1)","24","100","0","Alaska","Numbers may differ from published reports using final data. See Technical Notes.","**","24"
"AK","2018","October","12 month-ending","Heroin (T40.1)","24","100","0","Alaska","Numbers may differ from published reports using final data. See Technical Notes.","**","24"
"AK","2018","November","12 month-ending","Heroin (T40.1)","28","100","0","Alaska","Numbers may differ from published reports using final data. See Technical Notes.","**","28"
"AK","2018","December","12 month-ending","Heroin (T40.1)","28","100","0","Alaska","Numbers may differ from published reports using final data. See Technical Notes.","**","28"
"AK","2019","January","12 month-ending","Heroin (T40.1)","27","100","0","Alaska","Numbers may differ from published reports using final data. See Technical Notes.","**","27"
"AK","2019","February","12 month-ending","Heroin (T40.1)","31","100","0","Alaska","Numbers may differ from published reports using final data. See Technical Notes.","**","31"
"AK","2019","March","12 month-ending","Heroin (T40.1)","35","100","0","Alaska","Numbers may differ from published reports using final data. See Technical Notes.","**","35"
"AK","2019","April","12 month-ending","Heroin (T40.1)","35","100","0","Alaska","Numbers may differ from published reports using final data. See Technical Notes.","**","35"
"AK","2019","May","12 month-ending","Heroin (T40.1)","37","100","0","Alaska","Numbers may differ from published reports using final data. See Technical Notes.","**","37"
"AK","2019","June","12 month-ending","Heroin (T40.1)","40","100","0","Alaska","Numbers may differ from published reports using final data. See Technical Notes.","**","40"
"AK","2019","July","12 month-ending","Heroin (T40.1)","43","100","0","Alaska","Numbers may differ from published reports using final data. See Technical Notes.","**","43"
"AK","2019","August","12 month-ending","Heroin (T40.1)","43","100","0","Alaska","Numbers may differ from published reports using final data. See Technical Notes.","**","43"
"AK","2019","September","12 month-ending","Heroin (T40.1)","44","100","0","Alaska","Numbers may differ from published reports using final data. See Technical Notes.","**","44"
"AK","2019","October","12 month-ending","Heroin (T40.1)","49","100","0","Alaska","Numbers may differ from published reports using final data. See Technical Notes.","**","49"
"AK","2019","November","12 month-ending","Heroin (T40.1)","47","100","0","Alaska","Numbers may differ from published reports using final data. See Technical Notes.","**","47"
"AK","2019","December","12 month-ending","Heroin (T40.1)","45","100","0","Alaska","Numbers may differ from published reports using final data. See Technical Notes.","**","45"
"AK","2020","January","12 month-ending","Heroin (T40.1)","43","100","0","Alaska","Numbers may differ from published reports using final data. See Technical Notes.","**","43"
"AK","2020","February","12 month-ending","Heroin (T40.1)","36","100","0","Alaska","Numbers may differ from published reports using final data. See Technical Notes.","**","36"
"AK","2020","March","12 month-ending","Heroin (T40.1)","34","100","0","Alaska","Numbers may differ from published reports using final data. See Technical Notes.","**","34"
"AK","2020","April","12 month-ending","Heroin (T40.1)","34","100","0","Alaska","Numbers may differ from published reports using final data. See Technical Notes.","**","34"
"AK","2020","May","12 month-ending","Heroin (T40.1)","37","100","0","Alaska","Numbers may differ from published reports using final data. See Technical Notes.","**","37"
"AK","2020","June","12 month-ending","Heroin (T40.1)","41","100","0","Alaska","Numbers may differ from published reports using final data. See Technical Notes.","**","41"
"AK","2020","July","12 month-ending","Heroin (T40.1)","39","100","0","Alaska","Numbers may differ from published reports using final data. See Technical Notes.","**","39"
"AK","2020","August","12 month-ending","Heroin (T40.1)","39","100","0","Alaska","Numbers may differ from published reports using final data. See Technical Notes.","**","39"
"AK","2020","September","12 month-ending","Heroin (T40.1)","36","100","0","Alaska","Numbers may differ from published reports using final data. See Technical Notes.","**","36"
"AK","2020","October","12 month-ending","Heroin (T40.1)","27","100","0","Alaska","Numbers may differ from published reports using final data. See Technical Notes.","**","27"
"AK","2020","November","12 month-ending","Heroin (T40.1)","27","100","0","Alaska","Numbers may differ from published reports using final data. See Technical Notes.","**","27"
"AK","2020","December","12 month-ending","Heroin (T40.1)","31","100","0","Alaska","Numbers may differ from published reports using final data. See Technical Notes.","**","31"
"AK","2021","January","12 month-ending","Heroin (T40.1)","34","100","0","Alaska","Numbers may differ from published reports using final data. See Technical Notes.","**","34"
"AK","2021","February","12 month-ending","Heroin (T40.1)","35","100","0","Alaska","Numbers may differ from published reports using final data. See Technical Notes.","**","35"
"AK","2021","March","12 month-ending","Heroin (T40.1)","44","100","0","Alaska","Numbers may differ from published reports using final data. See Technical Notes.","**","44"
"AK","2021","April","12 month-ending","Heroin (T40.1)","49","100","0","Alaska","Numbers may differ from published reports using final data. See Technical Notes.","**","49"
"AK","2021","May","12 month-ending","Heroin (T40.1)","59","100","0","Alaska","Numbers may differ from published reports using final data. See Technical Notes.","**","59"
"AK","2021","June","12 month-ending","Heroin (T40.1)","58","100","0","Alaska","Numbers may differ from published reports using final data. See Technical Notes.","**","58"
"AK","2021","July","12 month-ending","Heroin (T40.1)","58","100","0","Alaska","Numbers may differ from published reports using final data. See Technical Notes.","**","58"
"AK","2021","August","12 month-ending","Heroin (T40.1)","60","100","0","Alaska","Numbers may differ from published reports using final data. See Technical Notes.","**","60"
"AK","2021","September","12 month-ending","Heroin (T40.1)","62","100","0","Alaska","Numbers may differ from published reports using final data. See Technical Notes.","**","62"
"AK","2021","October","12 month-ending","Heroin (T40.1)","67","100","0","Alaska","Numbers may differ from published reports using final data. See Technical Notes.","**","67"
"AK","2021","November","12 month-ending","Heroin (T40.1)","71","100","0","Alaska","Numbers may differ from published reports using final data. See Technical Notes.","**","71"
"AK","2021","December","12 month-ending","Heroin (T40.1)","66","100","0","Alaska","Numbers may differ from published reports using final data. See Technical Notes.","**","66"
"AK","2022","January","12 month-ending","Heroin (T40.1)","64","100","0","Alaska","Numbers may differ from published reports using final data. See Technical Notes.","**","64"
"AK","2022","February","12 month-ending","Heroin (T40.1)","64","100","0","Alaska","Numbers may differ from published reports using final data. See Technical Notes.","**","64"
"AK","2022","March","12 month-ending","Heroin (T40.1)","62","100","0","Alaska","Numbers may differ from published reports using final data. See Technical Notes.","**","62"
"AK","2022","April","12 month-ending","Heroin (T40.1)","59","100","0","Alaska","Numbers may differ from published reports using final data. See Technical Notes.","**","59"
"AK","2022","May","12 month-ending","Heroin (T40.1)","48","100","0","Alaska","Numbers may differ from published reports using final data. See Technical Notes.","**","48"
"AK","2022","June","12 month-ending","Heroin (T40.1)","47","100","0","Alaska","Numbers may differ from published reports using final data. See Technical Notes.","**","47"
"AK","2022","July","12 month-ending","Heroin (T40.1)","48","100","0","Alaska","Numbers may differ from published reports using final data. See Technical Notes.","**","48"
"AK","2022","August","12 month-ending","Heroin (T40.1)","49","100","0","Alaska","Numbers may differ from published reports using final data. See Technical Notes.","**","49"
"AK","2022","September","12 month-ending","Heroin (T40.1)","49","100","0","Alaska","Numbers may differ from published reports using final data. See Technical Notes.","**","49"
"AK","2022","October","12 month-ending","Heroin (T40.1)","45","100","0","Alaska","Numbers may differ from published reports using final data. See Technical Notes.","**","45"
"AK","2022","November","12 month-ending","Heroin (T40.1)","40","100","0","Alaska","Numbers may differ from published reports using final data. See Technical Notes.","**","40"
"AK","2022","December","12 month-ending","Heroin (T40.1)","40","100","0","Alaska","Numbers may differ from published reports using final data. See Technical Notes.","**","40"
"AK","2023","January","12 month-ending","Heroin (T40.1)","39","100","0","Alaska","Numbers may differ from published reports using final data. See Technical Notes.","**","39"
"AK","2023","February","12 month-ending","Heroin (T40.1)","40","100","0","Alaska","Numbers may differ from published reports using final data. See Technical Notes.","**","40"
"AK","2023","March","12 month-ending","Heroin (T40.1)","33","100","0","Alaska","Numbers may differ from published reports using final data. See Technical Notes.","**","33"
"AK","2023","April","12 month-ending","Heroin (T40.1)","31","100","0","Alaska","Numbers may differ from published reports using final data. See Technical Notes.","**","31"
"AK","2023","May","12 month-ending","Heroin (T40.1)","29","100","0","Alaska","Numbers may differ from published reports using final data. See Technical Notes.","**","29"
"AK","2023","June","12 month-ending","Heroin (T40.1)","26","100","0","Alaska","Numbers may differ from published reports using final data. See Technical Notes.","**","26"
"AK","2023","July","12 month-ending","Heroin (T40.1)","25","100","0","Alaska","Numbers may differ from published reports using final data. See Technical Notes.","**","25"
"AK","2023","August","12 month-ending","Heroin (T40.1)","20","100","0","Alaska","Numbers may differ from published reports using final data. See Technical Notes.","**","20"
"AK","2023","September","12 month-ending","Heroin (T40.1)","19","100","0","Alaska","Numbers may differ from published reports using final data. See Technical Notes.","**","19"
"AK","2023","October","12 month-ending","Heroin (T40.1)","18","100","0","Alaska","Numbers may differ from published reports using final data. See Technical Notes.","**","18"
"AK","2023","November","12 month-ending","Heroin (T40.1)","17","100","0","Alaska","Numbers may differ from published reports using final data. See Technical Notes.","**","17"
"AK","2023","December","12 month-ending","Heroin (T40.1)","16","100","0","Alaska","Numbers may differ from published reports using final data. See Technical Notes.","**","16"
"AK","2024","January","12 month-ending","Heroin (T40.1)","14","100","0","Alaska","Underreported due to incomplete data.","*","14"
"AK","2024","February","12 month-ending","Heroin (T40.1)","13","100","0","Alaska","Underreported due to incomplete data.","*","13"
"AK","2024","March","12 month-ending","Heroin (T40.1)","12","100","0","Alaska","Underreported due to incomplete data.","*","12"
"AK","2024","April","12 month-ending","Heroin (T40.1)","10","100","0","Alaska","Underreported due to incomplete data.","*","10"
"AK","2024","May","12 month-ending","Heroin (T40.1)",,"100","0","Alaska","Underreported due to incomplete data.  Data suppressed (<10).","*",
"AK","2024","June","12 month-ending","Heroin (T40.1)",,"100","0","Alaska","Underreported due to incomplete data.  Data suppressed (<10).","*",
"AK","2024","July","12 month-ending","Heroin (T40.1)",,"100","0","Alaska","Underreported due to incomplete data.  Data suppressed (<10).","*",
"AK","2024","August","12 month-ending","Heroin (T40.1)",,"100","0","Alaska","Underreported due to incomplete data.  Data suppressed (<10).","*",
"AK","2024","September","12 month-ending","Heroin (T40.1)",,"100","0","Alaska","Underreported due to incomplete data.  Data suppressed (<10).","*",
"AK","2024","October","12 month-ending","Heroin (T40.1)",,"100","0","Alaska","Underreported due to incomplete data.  Data suppressed (<10).","*",
"AK","2024","November","12 month-ending","Heroin (T40.1)",,"100","0","Alaska","Underreported due to incomplete data.  Data suppressed (<10).","*",
"AK","2024","December","12 month-ending","Heroin (T40.1)",,"100","0","Alaska","Underreported due to incomplete data.  Data suppressed (<10).","*",
"AK","2025","January","12 month-ending","Heroin (T40.1)",,"100","0","Alaska","Underreported due to incomplete data.  Data suppressed (<10).","*",
"AK","2025","February","12 month-ending","Heroin (T40.1)",,"100","0","Alaska","Underreported due to incomplete data.  Data suppressed (<10).","*",
"AK","2025","March","12 month-ending","Heroin (T40.1)",,"100","0","Alaska","Underreported due to incomplete data.  Data suppressed (<10).","*",
"AK","2025","April","12 month-ending","Heroin (T40.1)",,"100","0","Alaska","Underreported due to incomplete data.  Data suppressed (<10).","*",
"AK","2025","May","12 month-ending","Heroin (T40.1)",,"100","0","Alaska","Underreported due to incomplete data.  Data suppressed (<10).","*",
"AK","2025","June","12 month-ending","Heroin (T40.1)",,"100","0","Alaska","Underreported due to incomplete data.  Data suppressed (<10).","*",
"AK","2025","July","12 month-ending","Heroin (T40.1)",,"100","0","Alaska","Underreported due to incomplete data.  Data suppressed (<10).","*",
"AK","2025","August","12 month-ending","Heroin (T40.1)",,"100","0","Alaska","Underreported due to incomplete data.  Data suppressed (<10).","*",
"AK","2025","September","12 month-ending","Heroin (T40.1)",,"100","0","Alaska","Underreported due to incomplete data.  Data suppressed (<10).","*",
"AK","2025","October","12 month-ending","Heroin (T40.1)",,"100","0","Alaska","Underreported due to incomplete data.  Data suppressed (<10).","*",
"AK","2015","January","12 month-ending","Methadone (T40.3)",,"100","0","Alaska","Numbers may differ from published reports using final data. See Technical Notes. Data not shown due to low data quality.","**",
"AK","2015","February","12 month-ending","Methadone (T40.3)",,"100","0","Alaska","Numbers may differ from published reports using final data. See Technical Notes. Data not shown due to low data quality.","**",
"AK","2015","March","12 month-ending","Methadone (T40.3)",,"100","0","Alaska","Numbers may differ from published reports using final data. See Technical Notes. Data not shown due to low data quality.","**",
"AK","2015","April","12 month-ending","Methadone (T40.3)",,"100","0","Alaska","Numbers may differ from published reports using final data. See Technical Notes. Data not shown due to low data quality.","**",
"AK","2015","May","12 month-ending","Methadone (T40.3)",,"100","0","Alaska","Numbers may differ from published reports using final data. See Technical Notes. Data not shown due to low data quality.","**",
"AK","2015","June","12 month-ending","Methadone (T40.3)",,"100","0","Alaska","Numbers may differ from published reports using final data. See Technical Notes. Data not shown due to low data quality.","**",
"AK","2015","July","12 month-ending","Methadone (T40.3)",,"100","0","Alaska","Numbers may differ from published reports using final data. See Technical Notes. Data not shown due to low data quality.","**",
"AK","2015","August","12 month-ending","Methadone (T40.3)",,"100","0","Alaska","Numbers may differ from published reports using final data. See Technical Notes. Data not shown due to low data quality.","**",
"AK","2015","September","12 month-ending","Methadone (T40.3)",,"100","0","Alaska","Numbers may differ from published reports using final data. See Technical Notes. Data not shown due to low data quality.","**",
"AK","2015","October","12 month-ending","Methadone (T40.3)","10","100","0","Alaska","Numbers may differ from published reports using final data. See Technical Notes.","**","10"
"AK","2015","November","12 month-ending","Methadone (T40.3)","10","100","0","Alaska","Numbers may differ from published reports using final data. See Technical Notes.","**","10"
"AK","2015","December","12 month-ending","Methadone (T40.3)",,"100","0","Alaska","Numbers may differ from published reports using final data. See Technical Notes. Data not shown due to low data quality.","**",
"AK","2016","January","12 month-ending","Methadone (T40.3)","13","100","0","Alaska","Numbers may differ from published reports using final data. See Technical Notes.","**","13"
"AK","2016","February","12 month-ending","Methadone (T40.3)","15","100","0","Alaska","Numbers may differ from published reports using final data. See Technical Notes.","**","15"
"AK","2016","March","12 month-ending","Methadone (T40.3)","16","100","0","Alaska","Numbers may differ from published reports using final data. See Technical Notes.","**","16"
"AK","2016","April","12 month-ending","Methadone (T40.3)","18","100","0","Alaska","Numbers may differ from published reports using final data. See Technical Notes.","**","18"
"AK","2016","May","12 month-ending","Methadone (T40.3)","17","100","0","Alaska","Numbers may differ from published reports using final data. See Technical Notes.","**","17"
"AK","2016","June","12 month-ending","Methadone (T40.3)","20","100","0","Alaska","Numbers may differ from published reports using final data. See Technical Notes.","**","20"
"AK","2016","July","12 month-ending","Methadone (T40.3)","21","100","0","Alaska","Numbers may differ from published reports using final data. See Technical Notes.","**","21"
"AK","2016","August","12 month-ending","Methadone (T40.3)","19","100","0.023386342","Alaska","Numbers may differ from published reports using final data. See Technical Notes.","**","19"
"AK","2016","September","12 month-ending","Methadone (T40.3)","17","100","0.046992481","Alaska","Numbers may differ from published reports using final data. See Technical Notes.","**","17"
"AK","2016","October","12 month-ending","Methadone (T40.3)","15","100","0.069913773","Alaska","Numbers may differ from published reports using final data. See Technical Notes.","**","16"
"AK","2016","November","12 month-ending","Methadone (T40.3)","15","100","0.069946374","Alaska","Numbers may differ from published reports using final data. See Technical Notes.","**","16"
"AK","2016","December","12 month-ending","Methadone (T40.3)","14","100","0.068886338","Alaska","Numbers may differ from published reports using final data. See Technical Notes.","**","15"
"AK","2017","January","12 month-ending","Methadone (T40.3)","11","100","0.068587106","Alaska","Numbers may differ from published reports using final data. See Technical Notes.","**","12"
"AK","2017","February","12 month-ending","Methadone (T40.3)",,"100","0.069013112","Alaska","Numbers may differ from published reports using final data. See Technical Notes.  Data suppressed (<10).","**","10"
"AK","2017","March","12 month-ending","Methadone (T40.3)",,"100","0.068823125","Alaska","Numbers may differ from published reports using final data. See Technical Notes.  Data suppressed (<10).","**","10"
"AK","2017","April","12 month-ending","Methadone (T40.3)",,"100","0.069364162","Alaska","Numbers may differ from published reports using final data. See Technical Notes.  Data suppressed (<10).","**",
"AK","2017","May","12 month-ending","Methadone (T40.3)","10","100","0.070142623","Alaska","Numbers may differ from published reports using final data. See Technical Notes.","**","11"
"AK","2017","June","12 month-ending","Methadone (T40.3)",,"100","0.070159027","Alaska","Numbers may differ from published reports using final data. See Technical Notes.  Data suppressed (<10).","**",
"AK","2017","July","12 month-ending","Methadone (T40.3)",,"100","0.07082153","Alaska","Numbers may differ from published reports using final data. See Technical Notes.  Data suppressed (<10).","**",
"AK","2017","August","12 month-ending","Methadone (T40.3)",,"100","0.047236656","Alaska","Numbers may differ from published reports using final data. See Technical Notes.  Data suppressed (<10).","**",
"AK","2017","September","12 month-ending","Methadone (T40.3)",,"100","0.023261224","Alaska","Numbers may differ from published reports using final data. See Technical Notes.  Data suppressed (<10).","**",
"AK","2017","October","12 month-ending","Methadone (T40.3)",,"100","0","Alaska","Numbers may differ from published reports using final data. See Technical Notes.  Data suppressed (<10).","**",
"AK","2017","November","12 month-ending","Methadone (T40.3)",,"100","0","Alaska","Numbers may differ from published reports using final data. See Technical Notes.  Data suppressed (<10).","**",
"AK","2017","December","12 month-ending","Methadone (T40.3)",,"100","0","Alaska","Numbers may differ from published reports using final data. See Technical Notes.  Data suppressed (<10).","**",
"AK","2018","January","12 month-ending","Methadone (T40.3)",,"100","0","Alaska","Numbers may differ from published reports using final data. See Technical Notes.  Data suppressed (<10).","**",
"AK","2018","February","12 month-ending","Methadone (T40.3)","10","100","0","Alaska","Numbers may differ from published reports using final data. See Technical Notes.","**","10"
"AK","2018","March","12 month-ending","Methadone (T40.3)","10","100","0","Alaska","Numbers may differ from published reports using final data. See Technical Notes.","**","10"
"AK","2018","April","12 month-ending","Methadone (T40.3)","11","100","0","Alaska","Numbers may differ from published reports using final data. See Technical Notes.","**","11"
"AK","2018","May","12 month-ending","Methadone (T40.3)",,"100","0","Alaska","Numbers may differ from published reports using final data. See Technical Notes.  Data suppressed (<10).","**",
"AK","2018","June","12 month-ending","Methadone (T40.3)","10","100","0","Alaska","Numbers may differ from published reports using final data. See Technical Notes.","**","10"
"AK","2018","July","12 month-ending","Methadone (T40.3)",,"100","0","Alaska","Numbers may differ from published reports using final data. See Technical Notes.  Data suppressed (<10).","**",
"AK","2018","August","12 month-ending","Methadone (T40.3)",,"100","0","Alaska","Numbers may differ from published reports using final data. See Technical Notes.  Data suppressed (<10).","**",
"AK","2018","September","12 month-ending","Methadone (T40.3)",,"100","0","Alaska","Numbers may differ from published reports using final data. See Technical Notes.  Data suppressed (<10).","**",
"AK","2018","October","12 month-ending","Methadone (T40.3)",,"100","0","Alaska","Numbers may differ from published reports using final data. See Technical Notes.  Data suppressed (<10).","**",
"AK","2018","November","12 month-ending","Methadone (T40.3)",,"100","0","Alaska","Numbers may differ from published reports using final data. See Technical Notes.  Data suppressed (<10).","**",
"AK","2018","December","12 month-ending","Methadone (T40.3)",,"100","0","Alaska","Numbers may differ from published reports using final data. See Technical Notes.  Data suppressed (<10).","**",
"AK","2019","January","12 month-ending","Methadone (T40.3)","10","100","0","Alaska","Numbers may differ from published reports using final data. See Technical Notes.","**","10"
"AK","2019","February","12 month-ending","Methadone (T40.3)",,"100","0","Alaska","Numbers may differ from published reports using final data. See Technical Notes.  Data suppressed (<10).","**",
"AK","2019","March","12 month-ending","Methadone (T40.3)",,"100","0","Alaska","Numbers may differ from published reports using final data. See Technical Notes.  Data suppressed (<10).","**",
"AK","2019","April","12 month-ending","Methadone (T40.3)",,"100","0","Alaska","Numbers may differ from published reports using final data. See Technical Notes.  Data suppressed (<10).","**",
"AK","2019","May","12 month-ending","Methadone (T40.3)",,"100","0","Alaska","Numbers may differ from published reports using final data. See Technical Notes.  Data suppressed (<10).","**",
"AK","2019","June","12 month-ending","Methadone (T40.3)",,"100","0","Alaska","Numbers may differ from published reports using final data. See Technical Notes.  Data suppressed (<10).","**",
"AK","2019","July","12 month-ending","Methadone (T40.3)",,"100","0","Alaska","Numbers may differ from published reports using final data. See Technical Notes.  Data suppressed (<10).","**",
"AK","2019","August","12 month-ending","Methadone (T40.3)",,"100","0","Alaska","Numbers may differ from published reports using final data. See Technical Notes.  Data suppressed (<10).","**",
"AK","2019","September","12 month-ending","Methadone (T40.3)",,"100","0","Alaska","Numbers may differ from published reports using final data. See Technical Notes.  Data suppressed (<10).","**",
"AK","2019","October","12 month-ending","Methadone (T40.3)","10","100","0","Alaska","Numbers may differ from published reports using final data. See Technical Notes.","**","10"
"AK","2019","November","12 month-ending","Methadone (T40.3)","10","100","0","Alaska","Numbers may differ from published reports using final data. See Technical Notes.","**","10"
"AK","2019","December","12 month-ending","Methadone (T40.3)",,"100","0","Alaska","Numbers may differ from published reports using final data. See Technical Notes.  Data suppressed (<10).","**",
"AK","2020","January","12 month-ending","Methadone (T40.3)",,"100","0","Alaska","Numbers may differ from published reports using final data. See Technical Notes.  Data suppressed (<10).","**",
"AK","2020","February","12 month-ending","Methadone (T40.3)",,"100","0","Alaska","Numbers may differ from published reports using final data. See Technical Notes.  Data suppressed (<10).","**",
"AK","2020","March","12 month-ending","Methadone (T40.3)",,"100","0","Alaska","Numbers may differ from published reports using final data. See Technical Notes.  Data suppressed (<10).","**",
"AK","2020","April","12 month-ending","Methadone (T40.3)",,"100","0","Alaska","Numbers may differ from published reports using final data. See Technical Notes.  Data suppressed (<10).","**",
"AK","2020","May","12 month-ending","Methadone (T40.3)",,"100","0","Alaska","Numbers may differ from published reports using final data. See Technical Notes.  Data suppressed (<10).","**",
"AK","2020","June","12 month-ending","Methadone (T40.3)",,"100","0","Alaska","Numbers may differ from published reports using final data. See Technical Notes.  Data suppressed (<10).","**",
"AK","2020","July","12 month-ending","Methadone (T40.3)",,"100","0","Alaska","Numbers may differ from published reports using final data. See Technical Notes.  Data suppressed (<10).","**",
"AK","2020","August","12 month-ending","Methadone (T40.3)","10","100","0","Alaska","Numbers may differ from published reports using final data. See Technical Notes.","**","10"
"AK","2020","September","12 month-ending","Methadone (T40.3)",,"100","0","Alaska","Numbers may differ from published reports using final data. See Technical Notes.  Data suppressed (<10).","**",
"AK","2020","October","12 month-ending","Methadone (T40.3)",,"100","0","Alaska","Numbers may differ from published reports using final data. See Technical Notes.  Data suppressed (<10).","**",
"AK","2020","November","12 month-ending","Methadone (T40.3)",,"100","0","Alaska","Numbers may differ from published reports using final data. See Technical Notes.  Data suppressed (<10).","**",
"AK","2020","December","12 month-ending","Methadone (T40.3)",,"100","0","Alaska","Numbers may differ from published reports using final data. See Technical Notes.  Data suppressed (<10).","**",
"AK","2021","January","12 month-ending","Methadone (T40.3)",,"100","0","Alaska","Numbers may differ from published reports using final data. See Technical Notes.  Data suppressed (<10).","**",
"AK","2021","February","12 month-ending","Methadone (T40.3)",,"100","0","Alaska","Numbers may differ from published reports using final data. See Technical Notes.  Data suppressed (<10).","**",
"AK","2021","March","12 month-ending","Methadone (T40.3)","10","100","0","Alaska","Numbers may differ from published reports using final data. See Technical Notes.","**","10"
"AK","2021","April","12 month-ending","Methadone (T40.3)","11","100","0","Alaska","Numbers may differ from published reports using final data. See Technical Notes.","**","11"
"AK","2021","May","12 month-ending","Methadone (T40.3)","14","100","0","Alaska","Numbers may differ from published reports using final data. See Technical Notes.","**","14"
"AK","2021","June","12 month-ending","Methadone (T40.3)","12","100","0","Alaska","Numbers may differ from published reports using final data. See Technical Notes.","**","12"
"AK","2021","July","12 month-ending","Methadone (T40.3)","13","100","0","Alaska","Numbers may differ from published reports using final data. See Technical Notes.","**","13"
"AK","2021","August","12 month-ending","Methadone (T40.3)","12","100","0","Alaska","Numbers may differ from published reports using final data. See Technical Notes.","**","12"
"AK","2021","September","12 month-ending","Methadone (T40.3)","12","100","0","Alaska","Numbers may differ from published reports using final data. See Technical Notes.","**","12"
"AK","2021","October","12 month-ending","Methadone (T40.3)","11","100","0","Alaska","Numbers may differ from published reports using final data. See Technical Notes.","**","11"
"AK","2021","November","12 month-ending","Methadone (T40.3)","10","100","0","Alaska","Numbers may differ from published reports using final data. See Technical Notes.","**","10"
"AK","2021","December","12 month-ending","Methadone (T40.3)","12","100","0","Alaska","Numbers may differ from published reports using final data. See Technical Notes.","**","12"
"AK","2022","January","12 month-ending","Methadone (T40.3)","11","100","0","Alaska","Numbers may differ from published reports using final data. See Technical Notes.","**","11"
"AK","2022","February","12 month-ending","Methadone (T40.3)","11","100","0","Alaska","Numbers may differ from published reports using final data. See Technical Notes.","**","11"
"AK","2022","March","12 month-ending","Methadone (T40.3)",,"100","0","Alaska","Numbers may differ from published reports using final data. See Technical Notes.  Data suppressed (<10).","**",
"AK","2022","April","12 month-ending","Methadone (T40.3)",,"100","0","Alaska","Numbers may differ from published reports using final data. See Technical Notes.  Data suppressed (<10).","**",
"AK","2022","May","12 month-ending","Methadone (T40.3)",,"100","0","Alaska","Numbers may differ from published reports using final data. See Technical Notes.  Data suppressed (<10).","**",
"AK","2022","June","12 month-ending","Methadone (T40.3)",,"100","0","Alaska","Numbers may differ from published reports using final data. See Technical Notes.  Data suppressed (<10).","**",
"AK","2022","July","12 month-ending","Methadone (T40.3)",,"100","0","Alaska","Numbers may differ from published reports using final data. See Technical Notes.  Data suppressed (<10).","**",
"AK","2022","August","12 month-ending","Methadone (T40.3)",,"100","0","Alaska","Numbers may differ from published reports using final data. See Technical Notes.  Data suppressed (<10).","**",
"AK","2022","September","12 month-ending","Methadone (T40.3)",,"100","0","Alaska","Numbers may differ from published reports using final data. See Technical Notes.  Data suppressed (<10).","**",
"AK","2022","October","12 month-ending","Methadone (T40.3)",,"100","0","Alaska","Numbers may differ from published reports using final data. See Technical Notes.  Data suppressed (<10).","**",
"AK","2022","November","12 month-ending","Methadone (T40.3)",,"100","0","Alaska","Numbers may differ from published reports using final data. See Technical Notes.  Data suppressed (<10).","**",
"AK","2022","December","12 month-ending","Methadone (T40.3)","10","100","0","Alaska","Numbers may differ from published reports using final data. See Technical Notes.","**","10"
"AK","2023","January","12 month-ending","Methadone (T40.3)","12","100","0","Alaska","Numbers may differ from published reports using final data. See Technical Notes.","**","12"
"AK","2023","February","12 month-ending","Methadone (T40.3)","16","100","0","Alaska","Numbers may differ from published reports using final data. See Technical Notes.","**","16"
"AK","2023","March","12 month-ending","Methadone (T40.3)","16","100","0","Alaska","Numbers may differ from published reports using final data. See Technical Notes.","**","16"
"AK","2023","April","12 month-ending","Methadone (T40.3)","16","100","0","Alaska","Numbers may differ from published reports using final data. See Technical Notes.","**","16"
"AK","2023","May","12 month-ending","Methadone (T40.3)","16","100","0","Alaska","Numbers may differ from published reports using final data. See Technical Notes.","**","16"
"AK","2023","June","12 month-ending","Methadone (T40.3)","15","100","0","Alaska","Numbers may differ from published reports using final data. See Technical Notes.","**","15"
"AK","2023","July","12 month-ending","Methadone (T40.3)","15","100","0","Alaska","Numbers may differ from published reports using final data. See Technical Notes.","**","15"
"AK","2023","August","12 month-ending","Methadone (T40.3)","15","100","0","Alaska","Numbers may differ from published reports using final data. See Technical Notes.","**","15"
"AK","2023","September","12 month-ending","Methadone (T40.3)","13","100","0","Alaska","Numbers may differ from published reports using final data. See Technical Notes.","**","13"
"AK","2023","October","12 month-ending","Methadone (T40.3)","15","100","0","Alaska","Numbers may differ from published reports using final data. See Technical Notes.","**","15"
"AK","2023","November","12 month-ending","Methadone (T40.3)","17","100","0","Alaska","Numbers may differ from published reports using final data. See Technical Notes.","**","17"
"AK","2023","December","12 month-ending","Methadone (T40.3)","14","100","0","Alaska","Numbers may differ from published reports using final data. See Technical Notes.","**","14"
"AK","2024","January","12 month-ending","Methadone (T40.3)","15","100","0","Alaska","Underreported due to incomplete data.","*","15"
"AK","2024","February","12 month-ending","Methadone (T40.3)","12","100","0","Alaska","Underreported due to incomplete data.","*","12"
"AK","2024","March","12 month-ending","Methadone (T40.3)","12","100","0","Alaska","Underreported due to incomplete data.","*","12"
"AK","2024","April","12 month-ending","Methadone (T40.3)","13","100","0","Alaska","Underreported due to incomplete data.","*","13"
"AK","2024","May","12 month-ending","Methadone (T40.3)","14","100","0","Alaska","Underreported due to incomplete data.","*","14"
"AK","2024","June","12 month-ending","Methadone (T40.3)","14","100","0","Alaska","Underreported due to incomplete data.","*","14"
"AK","2024","July","12 month-ending","Methadone (T40.3)","15","100","0","Alaska","Underreported due to incomplete data.","*","15"
"AK","2024","August","12 month-ending","Methadone (T40.3)","15","100","0","Alaska","Underreported due to incomplete data.","*","15"
"AK","2024","September","12 month-ending","Methadone (T40.3)","15","100","0","Alaska","Underreported due to incomplete data.","*","15"
"AK","2024","October","12 month-ending","Methadone (T40.3)","15","100","0","Alaska","Underreported due to incomplete data.","*","15"
"AK","2024","November","12 month-ending","Methadone (T40.3)","13","100","0","Alaska","Underreported due to incomplete data.","*","13"
"AK","2024","December","12 month-ending","Methadone (T40.3)","14","100","0","Alaska","Underreported due to incomplete data.","*","14"
"AK","2025","January","12 month-ending","Methadone (T40.3)","13","100","0","Alaska","Underreported due to incomplete data.","*","13"
"AK","2025","February","12 month-ending","Methadone (T40.3)","13","100","0","Alaska","Underreported due to incomplete data.","*","13"
"AK","2025","March","12 month-ending","Methadone (T40.3)","14","100","0","Alaska","Underreported due to incomplete data.","*","14"
"AK","2025","April","12 month-ending","Methadone (T40.3)","14","100","0","Alaska","Underreported due to incomplete data.","*","14"
"AK","2025","May","12 month-ending","Methadone (T40.3)","14","100","0","Alaska","Underreported due to incomplete data.","*","14"
"AK","2025","June","12 month-ending","Methadone (T40.3)","15","100","0","Alaska","Underreported due to incomplete data.","*","15"
"AK","2025","July","12 month-ending","Methadone (T40.3)","14","100","0","Alaska","Underreported due to incomplete data.","*","14"
"AK","2025","August","12 month-ending","Methadone (T40.3)","16","100","0","Alaska","Underreported due to incomplete data.","*","16"
"AK","2025","September","12 month-ending","Methadone (T40.3)","17","100","0","Alaska","Underreported due to incomplete data.","*","17"
"AK","2025","October","12 month-ending","Methadone (T40.3)","14","100","0","Alaska","Underreported due to incomplete data.","*","14"
"AK","2015","January","12 month-ending","Natural & semi-synthetic opioids (T40.2)",,"100","0","Alaska","Numbers may differ from published reports using final data. See Technical Notes. Data not shown due to low data quality.","**",
"AK","2015","February","12 month-ending","Natural & semi-synthetic opioids (T40.2)",,"100","0","Alaska","Numbers may differ from published reports using final data. See Technical Notes. Data not shown due to low data quality.","**",
"AK","2015","March","12 month-ending","Natural & semi-synthetic opioids (T40.2)",,"100","0","Alaska","Numbers may differ from published reports using final data. See Technical Notes. Data not shown due to low data quality.","**",
"AK","2015","April","12 month-ending","Natural & semi-synthetic opioids (T40.2)",,"100","0","Alaska","Numbers may differ from published reports using final data. See Technical Notes. Data not shown due to low data quality.","**",
"AK","2015","May","12 month-ending","Natural & semi-synthetic opioids (T40.2)",,"100","0","Alaska","Numbers may differ from published reports using final data. See Technical Notes. Data not shown due to low data quality.","**",
"AK","2015","June","12 month-ending","Natural & semi-synthetic opioids (T40.2)",,"100","0","Alaska","Numbers may differ from published reports using final data. See Technical Notes. Data not shown due to low data quality.","**",
"AK","2015","July","12 month-ending","Natural & semi-synthetic opioids (T40.2)",,"100","0","Alaska","Numbers may differ from published reports using final data. See Technical Notes. Data not shown due to low data quality.","**",
"AK","2015","August","12 month-ending","Natural & semi-synthetic opioids (T40.2)",,"100","0","Alaska","Numbers may differ from published reports using final data. See Technical Notes. Data not shown due to low data quality.","**",
"AK","2015","September","12 month-ending","Natural & semi-synthetic opioids (T40.2)",,"100","0","Alaska","Numbers may differ from published reports using final data. See Technical Notes. Data not shown due to low data quality.","**",
"AK","2015","October","12 month-ending","Natural & semi-synthetic opioids (T40.2)","49","100","0","Alaska","Numbers may differ from published reports using final data. See Technical Notes.","**","49"
"AK","2015","November","12 month-ending","Natural & semi-synthetic opioids (T40.2)","48","100","0","Alaska","Numbers may differ from published reports using final data. See Technical Notes.","**","48"
"AK","2015","December","12 month-ending","Natural & semi-synthetic opioids (T40.2)",,"100","0","Alaska","Numbers may differ from published reports using final data. See Technical Notes. Data not shown due to low data quality.","**",
"AK","2016","January","12 month-ending","Natural & semi-synthetic opioids (T40.2)","60","100","0","Alaska","Numbers may differ from published reports using final data. See Technical Notes.","**","60"
"AK","2016","February","12 month-ending","Natural & semi-synthetic opioids (T40.2)","61","100","0","Alaska","Numbers may differ from published reports using final data. See Technical Notes.","**","61"
"AK","2016","March","12 month-ending","Natural & semi-synthetic opioids (T40.2)","57","100","0","Alaska","Numbers may differ from published reports using final data. See Technical Notes.","**","57"
"AK","2016","April","12 month-ending","Natural & semi-synthetic opioids (T40.2)","60","100","0","Alaska","Numbers may differ from published reports using final data. See Technical Notes.","**","60"
"AK","2016","May","12 month-ending","Natural & semi-synthetic opioids (T40.2)","63","100","0","Alaska","Numbers may differ from published reports using final data. See Technical Notes.","**","63"
"AK","2016","June","12 month-ending","Natural & semi-synthetic opioids (T40.2)","60","100","0","Alaska","Numbers may differ from published reports using final data. See Technical Notes.","**","60"
"AK","2016","July","12 month-ending","Natural & semi-synthetic opioids (T40.2)","60","100","0","Alaska","Numbers may differ from published reports using final data. See Technical Notes.","**","60"
"AK","2016","August","12 month-ending","Natural & semi-synthetic opioids (T40.2)","55","100","0.023386342","Alaska","Numbers may differ from published reports using final data. See Technical Notes.","**","55"
"AK","2016","September","12 month-ending","Natural & semi-synthetic opioids (T40.2)","54","100","0.046992481","Alaska","Numbers may differ from published reports using final data. See Technical Notes.","**","54"
"AK","2016","October","12 month-ending","Natural & semi-synthetic opioids (T40.2)","53","100","0.069913773","Alaska","Numbers may differ from published reports using final data. See Technical Notes.","**","53"
"AK","2016","November","12 month-ending","Natural & semi-synthetic opioids (T40.2)","51","100","0.069946374","Alaska","Numbers may differ from published reports using final data. See Technical Notes.","**","51"
"AK","2016","December","12 month-ending","Natural & semi-synthetic opioids (T40.2)","46","100","0.068886338","Alaska","Numbers may differ from published reports using final data. See Technical Notes.","**","46"
"AK","2017","January","12 month-ending","Natural & semi-synthetic opioids (T40.2)","40","100","0.068587106","Alaska","Numbers may differ from published reports using final data. See Technical Notes.","**","40"
"AK","2017","February","12 month-ending","Natural & semi-synthetic opioids (T40.2)","36","100","0.069013112","Alaska","Numbers may differ from published reports using final data. See Technical Notes.","**","36"
"AK","2017","March","12 month-ending","Natural & semi-synthetic opioids (T40.2)","35","100","0.068823125","Alaska","Numbers may differ from published reports using final data. See Technical Notes.","**","35"
"AK","2017","April","12 month-ending","Natural & semi-synthetic opioids (T40.2)","30","100","0.069364162","Alaska","Numbers may differ from published reports using final data. See Technical Notes.","**","30"
"AK","2017","May","12 month-ending","Natural & semi-synthetic opioids (T40.2)","32","100","0.070142623","Alaska","Numbers may differ from published reports using final data. See Technical Notes.","**","32"
"AK","2017","June","12 month-ending","Natural & semi-synthetic opioids (T40.2)","35","100","0.070159027","Alaska","Numbers may differ from published reports using final data. See Technical Notes.","**","35"
"AK","2017","July","12 month-ending","Natural & semi-synthetic opioids (T40.2)","40","100","0.07082153","Alaska","Numbers may differ from published reports using final data. See Technical Notes.","**","40"
"AK","2017","August","12 month-ending","Natural & semi-synthetic opioids (T40.2)","44","100","0.047236656","Alaska","Numbers may differ from published reports using final data. See Technical Notes.","**","44"
"AK","2017","September","12 month-ending","Natural & semi-synthetic opioids (T40.2)","48","100","0.023261224","Alaska","Numbers may differ from published reports using final data. See Technical Notes.","**","48"
"AK","2017","October","12 month-ending","Natural & semi-synthetic opioids (T40.2)","45","100","0","Alaska","Numbers may differ from published reports using final data. See Technical Notes.","**","45"
"AK","2017","November","12 month-ending","Natural & semi-synthetic opioids (T40.2)","43","100","0","Alaska","Numbers may differ from published reports using final data. See Technical Notes.","**","43"
"AK","2017","December","12 month-ending","Natural & semi-synthetic opioids (T40.2)","46","100","0","Alaska","Numbers may differ from published reports using final data. See Technical Notes.","**","46"
"AK","2018","January","12 month-ending","Natural & semi-synthetic opioids (T40.2)","46","100","0","Alaska","Numbers may differ from published reports using final data. See Technical Notes.","**","46"
"AK","2018","February","12 month-ending","Natural & semi-synthetic opioids (T40.2)","48","100","0","Alaska","Numbers may differ from published reports using final data. See Technical Notes.","**","48"
"AK","2018","March","12 month-ending","Natural & semi-synthetic opioids (T40.2)","47","100","0","Alaska","Numbers may differ from published reports using final data. See Technical Notes.","**","47"
"AK","2018","April","12 month-ending","Natural & semi-synthetic opioids (T40.2)","48","100","0","Alaska","Numbers may differ from published reports using final data. See Technical Notes.","**","48"
"AK","2018","May","12 month-ending","Natural & semi-synthetic opioids (T40.2)","43","100","0","Alaska","Numbers may differ from published reports using final data. See Technical Notes.","**","43"
"AK","2018","June","12 month-ending","Natural & semi-synthetic opioids (T40.2)","43","100","0","Alaska","Numbers may differ from published reports using final data. See Technical Notes.","**","43"
"AK","2018","July","12 month-ending","Natural & semi-synthetic opioids (T40.2)","38","100","0","Alaska","Numbers may differ from published reports using final data. See Technical Notes.","**","38"
"AK","2018","August","12 month-ending","Natural & semi-synthetic opioids (T40.2)","37","100","0","Alaska","Numbers may differ from published reports using final data. See Technical Notes.","**","37"
"AK","2018","September","12 month-ending","Natural & semi-synthetic opioids (T40.2)","31","100","0","Alaska","Numbers may differ from published reports using final data. See Technical Notes.","**","31"
"AK","2018","October","12 month-ending","Natural & semi-synthetic opioids (T40.2)","31","100","0","Alaska","Numbers may differ from published reports using final data. See Technical Notes.","**","31"
"AK","2018","November","12 month-ending","Natural & semi-synthetic opioids (T40.2)","34","100","0","Alaska","Numbers may differ from published reports using final data. See Technical Notes.","**","34"
"AK","2018","December","12 month-ending","Natural & semi-synthetic opioids (T40.2)","33","100","0","Alaska","Numbers may differ from published reports using final data. See Technical Notes.","**","33"
"AK","2019","January","12 month-ending","Natural & semi-synthetic opioids (T40.2)","37","100","0","Alaska","Numbers may differ from published reports using final data. See Technical Notes.","**","37"
"AK","2019","February","12 month-ending","Natural & semi-synthetic opioids (T40.2)","40","100","0","Alaska","Numbers may differ from published reports using final data. See Technical Notes.","**","40"
"AK","2019","March","12 month-ending","Natural & semi-synthetic opioids (T40.2)","45","100","0","Alaska","Numbers may differ from published reports using final data. See Technical Notes.","**","45"
"AK","2019","April","12 month-ending","Natural & semi-synthetic opioids (T40.2)","44","100","0","Alaska","Numbers may differ from published reports using final data. See Technical Notes.","**","44"
"AK","2019","May","12 month-ending","Natural & semi-synthetic opioids (T40.2)","44","100","0","Alaska","Numbers may differ from published reports using final data. See Technical Notes.","**","44"
"AK","2019","June","12 month-ending","Natural & semi-synthetic opioids (T40.2)","41","100","0","Alaska","Numbers may differ from published reports using final data. See Technical Notes.","**","41"
"AK","2019","July","12 month-ending","Natural & semi-synthetic opioids (T40.2)","43","100","0","Alaska","Numbers may differ from published reports using final data. See Technical Notes.","**","43"
"AK","2019","August","12 month-ending","Natural & semi-synthetic opioids (T40.2)","40","100","0","Alaska","Numbers may differ from published reports using final data. See Technical Notes.","**","40"
"AK","2019","September","12 month-ending","Natural & semi-synthetic opioids (T40.2)","40","100","0","Alaska","Numbers may differ from published reports using final data. See Technical Notes.","**","40"
"AK","2019","October","12 month-ending","Natural & semi-synthetic opioids (T40.2)","44","100","0","Alaska","Numbers may differ from published reports using final data. See Technical Notes.","**","44"
"AK","2019","November","12 month-ending","Natural & semi-synthetic opioids (T40.2)","43","100","0","Alaska","Numbers may differ from published reports using final data. See Technical Notes.","**","43"
"AK","2019","December","12 month-ending","Natural & semi-synthetic opioids (T40.2)","41","100","0","Alaska","Numbers may differ from published reports using final data. See Technical Notes.","**","41"
"AK","2020","January","12 month-ending","Natural & semi-synthetic opioids (T40.2)","38","100","0","Alaska","Numbers may differ from published reports using final data. See Technical Notes.","**","38"
"AK","2020","February","12 month-ending","Natural & semi-synthetic opioids (T40.2)","34","100","0","Alaska","Numbers may differ from published reports using final data. See Technical Notes.","**","34"
"AK","2020","March","12 month-ending","Natural & semi-synthetic opioids (T40.2)","29","100","0","Alaska","Numbers may differ from published reports using final data. See Technical Notes.","**","29"
"AK","2020","April","12 month-ending","Natural & semi-synthetic opioids (T40.2)","30","100","0","Alaska","Numbers may differ from published reports using final data. See Technical Notes.","**","30"
"AK","2020","May","12 month-ending","Natural & semi-synthetic opioids (T40.2)","32","100","0","Alaska","Numbers may differ from published reports using final data. See Technical Notes.","**","32"
"AK","2020","June","12 month-ending","Natural & semi-synthetic opioids (T40.2)","37","100","0","Alaska","Numbers may differ from published reports using final data. See Technical Notes.","**","37"
"AK","2020","July","12 month-ending","Natural & semi-synthetic opioids (T40.2)","37","100","0","Alaska","Numbers may differ from published reports using final data. See Technical Notes.","**","37"
"AK","2020","August","12 month-ending","Natural & semi-synthetic opioids (T40.2)","38","100","0","Alaska","Numbers may differ from published reports using final data. See Technical Notes.","**","38"
"AK","2020","September","12 month-ending","Natural & semi-synthetic opioids (T40.2)","40","100","0","Alaska","Numbers may differ from published reports using final data. See Technical Notes.","**","40"
"AK","2020","October","12 month-ending","Natural & semi-synthetic opioids (T40.2)","35","100","0","Alaska","Numbers may differ from published reports using final data. See Technical Notes.","**","35"
"AK","2020","November","12 month-ending","Natural & semi-synthetic opioids (T40.2)","36","100","0","Alaska","Numbers may differ from published reports using final data. See Technical Notes.","**","36"
"AK","2020","December","12 month-ending","Natural & semi-synthetic opioids (T40.2)","37","100","0","Alaska","Numbers may differ from published reports using final data. See Technical Notes.","**","37"
"AK","2021","January","12 month-ending","Natural & semi-synthetic opioids (T40.2)","36","100","0","Alaska","Numbers may differ from published reports using final data. See Technical Notes.","**","36"
"AK","2021","February","12 month-ending","Natural & semi-synthetic opioids (T40.2)","38","100","0","Alaska","Numbers may differ from published reports using final data. See Technical Notes.","**","38"
"AK","2021","March","12 month-ending","Natural & semi-synthetic opioids (T40.2)","47","100","0","Alaska","Numbers may differ from published reports using final data. See Technical Notes.","**","47"
"AK","2021","April","12 month-ending","Natural & semi-synthetic opioids (T40.2)","50","100","0","Alaska","Numbers may differ from published reports using final data. See Technical Notes.","**","50"
"AK","2021","May","12 month-ending","Natural & semi-synthetic opioids (T40.2)","56","100","0","Alaska","Numbers may differ from published reports using final data. See Technical Notes.","**","56"
"AK","2021","June","12 month-ending","Natural & semi-synthetic opioids (T40.2)","54","100","0","Alaska","Numbers may differ from published reports using final data. See Technical Notes.","**","54"
"AK","2021","July","12 month-ending","Natural & semi-synthetic opioids (T40.2)","59","100","0","Alaska","Numbers may differ from published reports using final data. See Technical Notes.","**","59"
"AK","2021","August","12 month-ending","Natural & semi-synthetic opioids (T40.2)","64","100","0","Alaska","Numbers may differ from published reports using final data. See Technical Notes.","**","64"
"AK","2021","September","12 month-ending","Natural & semi-synthetic opioids (T40.2)","68","100","0","Alaska","Numbers may differ from published reports using final data. See Technical Notes.","**","68"
"AK","2021","October","12 month-ending","Natural & semi-synthetic opioids (T40.2)","72","100","0","Alaska","Numbers may differ from published reports using final data. See Technical Notes.","**","72"
"AK","2021","November","12 month-ending","Natural & semi-synthetic opioids (T40.2)","74","100","0","Alaska","Numbers may differ from published reports using final data. See Technical Notes.","**","74"
"AK","2021","December","12 month-ending","Natural & semi-synthetic opioids (T40.2)","74","100","0","Alaska","Numbers may differ from published reports using final data. See Technical Notes.","**","74"
"AK","2022","January","12 month-ending","Natural & semi-synthetic opioids (T40.2)","75","100","0","Alaska","Numbers may differ from published reports using final data. See Technical Notes.","**","75"
"AK","2022","February","12 month-ending","Natural & semi-synthetic opioids (T40.2)","74","100","0","Alaska","Numbers may differ from published reports using final data. See Technical Notes.","**","74"
"AK","2022","March","12 month-ending","Natural & semi-synthetic opioids (T40.2)","70","100","0","Alaska","Numbers may differ from published reports using final data. See Technical Notes.","**","70"
"AK","2022","April","12 month-ending","Natural & semi-synthetic opioids (T40.2)","68","100","0","Alaska","Numbers may differ from published reports using final data. See Technical Notes.","**","68"
"AK","2022","May","12 month-ending","Natural & semi-synthetic opioids (T40.2)","59","100","0","Alaska","Numbers may differ from published reports using final data. See Technical Notes.","**","59"
"AK","2022","June","12 month-ending","Natural & semi-synthetic opioids (T40.2)","65","100","0","Alaska","Numbers may differ from published reports using final data. See Technical Notes.","**","65"
"AK","2022","July","12 month-ending","Natural & semi-synthetic opioids (T40.2)","61","100","0","Alaska","Numbers may differ from published reports using final data. See Technical Notes.","**","61"
"AK","2022","August","12 month-ending","Natural & semi-synthetic opioids (T40.2)","57","100","0","Alaska","Numbers may differ from published reports using final data. See Technical Notes.","**","57"
"AK","2022","September","12 month-ending","Natural & semi-synthetic opioids (T40.2)","55","100","0","Alaska","Numbers may differ from published reports using final data. See Technical Notes.","**","55"
"AK","2022","October","12 month-ending","Natural & semi-synthetic opioids (T40.2)","52","100","0","Alaska","Numbers may differ from published reports using final data. See Technical Notes.","**","52"
"AK","2022","November","12 month-ending","Natural & semi-synthetic opioids (T40.2)","49","100","0","Alaska","Numbers may differ from published reports using final data. See Technical Notes.","**","49"
"AK","2022","December","12 month-ending","Natural & semi-synthetic opioids (T40.2)","49","100","0","Alaska","Numbers may differ from published reports using final data. See Technical Notes.","**","49"
"AK","2023","January","12 month-ending","Natural & semi-synthetic opioids (T40.2)","48","100","0","Alaska","Numbers may differ from published reports using final data. See Technical Notes.","**","48"
"AK","2023","February","12 month-ending","Natural & semi-synthetic opioids (T40.2)","49","100","0","Alaska","Numbers may differ from published reports using final data. See Technical Notes.","**","49"
"AK","2023","March","12 month-ending","Natural & semi-synthetic opioids (T40.2)","48","100","0","Alaska","Numbers may differ from published reports using final data. See Technical Notes.","**","48"
"AK","2023","April","12 month-ending","Natural & semi-synthetic opioids (T40.2)","50","100","0","Alaska","Numbers may differ from published reports using final data. See Technical Notes.","**","50"
"AK","2023","May","12 month-ending","Natural & semi-synthetic opioids (T40.2)","52","100","0","Alaska","Numbers may differ from published reports using final data. See Technical Notes.","**","52"
"AK","2023","June","12 month-ending","Natural & semi-synthetic opioids (T40.2)","43","100","0","Alaska","Numbers may differ from published reports using final data. See Technical Notes.","**","43"
"AK","2023","July","12 month-ending","Natural & semi-synthetic opioids (T40.2)","42","100","0","Alaska","Numbers may differ from published reports using final data. See Technical Notes.","**","42"
"AK","2023","August","12 month-ending","Natural & semi-synthetic opioids (T40.2)","41","100","0","Alaska","Numbers may differ from published reports using final data. See Technical Notes.","**","41"
"AK","2023","September","12 month-ending","Natural & semi-synthetic opioids (T40.2)","38","100","0","Alaska","Numbers may differ from published reports using final data. See Technical Notes.","**","38"
"AK","2023","October","12 month-ending","Natural & semi-synthetic opioids (T40.2)","36","100","0","Alaska","Numbers may differ from published reports using final data. See Technical Notes.","**","36"
"AK","2023","November","12 month-ending","Natural & semi-synthetic opioids (T40.2)","36","100","0","Alaska","Numbers may differ from published reports using final data. See Technical Notes.","**","36"
"AK","2023","December","12 month-ending","Natural & semi-synthetic opioids (T40.2)","34","100","0","Alaska","Numbers may differ from published reports using final data. See Technical Notes.","**","34"
"AK","2024","January","12 month-ending","Natural & semi-synthetic opioids (T40.2)","38","100","0","Alaska","Underreported due to incomplete data.","*","38"
"AK","2024","February","12 month-ending","Natural & semi-synthetic opioids (T40.2)","37","100","0","Alaska","Underreported due to incomplete data.","*","37"
"AK","2024","March","12 month-ending","Natural & semi-synthetic opioids (T40.2)","31","100","0","Alaska","Underreported due to incomplete data.","*","31"
"AK","2024","April","12 month-ending","Natural & semi-synthetic opioids (T40.2)","27","100","0","Alaska","Underreported due to incomplete data.","*","27"
"AK","2024","May","12 month-ending","Natural & semi-synthetic opioids (T40.2)","24","100","0","Alaska","Underreported due to incomplete data.","*","24"
"AK","2024","June","12 month-ending","Natural & semi-synthetic opioids (T40.2)","25","100","0","Alaska","Underreported due to incomplete data.","*","25"
"AK","2024","July","12 month-ending","Natural & semi-synthetic opioids (T40.2)","23","100","0","Alaska","Underreported due to incomplete data.","*","23"
"AK","2024","August","12 month-ending","Natural & semi-synthetic opioids (T40.2)","22","100","0","Alaska","Underreported due to incomplete data.","*","22"
"AK","2024","September","12 month-ending","Natural & semi-synthetic opioids (T40.2)","22","100","0","Alaska","Underreported due to incomplete data.","*","22"
"AK","2024","October","12 month-ending","Natural & semi-synthetic opioids (T40.2)","24","100","0","Alaska","Underreported due to incomplete data.","*","24"
"AK","2024","November","12 month-ending","Natural & semi-synthetic opioids (T40.2)","23","100","0","Alaska","Underreported due to incomplete data.","*","23"
"AK","2024","December","12 month-ending","Natural & semi-synthetic opioids (T40.2)","28","100","0","Alaska","Underreported due to incomplete data.","*","28"
"AK","2025","January","12 month-ending","Natural & semi-synthetic opioids (T40.2)","23","100","0","Alaska","Underreported due to incomplete data.","*","23"
"AK","2025","February","12 month-ending","Natural & semi-synthetic opioids (T40.2)","25","100","0","Alaska","Underreported due to incomplete data.","*","25"
"AK","2025","March","12 month-ending","Natural & semi-synthetic opioids (T40.2)","29","100","0","Alaska","Underreported due to incomplete data.","*","29"
"AK","2025","April","12 month-ending","Natural & semi-synthetic opioids (T40.2)","32","100","0","Alaska","Underreported due to incomplete data.","*","32"
"AK","2025","May","12 month-ending","Natural & semi-synthetic opioids (T40.2)","36","100","0","Alaska","Underreported due to incomplete data.","*","36"
"AK","2025","June","12 month-ending","Natural & semi-synthetic opioids (T40.2)","36","100","0","Alaska","Underreported due to incomplete data.","*","36"
"AK","2025","July","12 month-ending","Natural & semi-synthetic opioids (T40.2)","38","100","0","Alaska","Underreported due to incomplete data.","*","38"
"AK","2025","August","12 month-ending","Natural & semi-synthetic opioids (T40.2)","39","100","0","Alaska","Underreported due to incomplete data.","*","39"
"AK","2025","September","12 month-ending","Natural & semi-synthetic opioids (T40.2)","38","100","0","Alaska","Underreported due to incomplete data.","*","38"
"AK","2025","October","12 month-ending","Natural & semi-synthetic opioids (T40.2)","36","100","0","Alaska","Underreported due to incomplete data.","*","36"
"AK","2015","January","12 month-ending","Natural & semi-synthetic opioids, incl. methadone (T40.2, T40.3)",,"100","0","Alaska","Numbers may differ from published reports using final data. See Technical Notes. Data not shown due to low data quality.","**",
"AK","2015","February","12 month-ending","Natural & semi-synthetic opioids, incl. methadone (T40.2, T40.3)",,"100","0","Alaska","Numbers may differ from published reports using final data. See Technical Notes. Data not shown due to low data quality.","**",
"AK","2015","March","12 month-ending","Natural & semi-synthetic opioids, incl. methadone (T40.2, T40.3)",,"100","0","Alaska","Numbers may differ from published reports using final data. See Technical Notes. Data not shown due to low data quality.","**",
"AK","2015","April","12 month-ending","Natural & semi-synthetic opioids, incl. methadone (T40.2, T40.3)",,"100","0","Alaska","Numbers may differ from published reports using final data. See Technical Notes. Data not shown due to low data quality.","**",
"AK","2015","May","12 month-ending","Natural & semi-synthetic opioids, incl. methadone (T40.2, T40.3)",,"100","0","Alaska","Numbers may differ from published reports using final data. See Technical Notes. Data not shown due to low data quality.","**",
"AK","2015","June","12 month-ending","Natural & semi-synthetic opioids, incl. methadone (T40.2, T40.3)",,"100","0","Alaska","Numbers may differ from published reports using final data. See Technical Notes. Data not shown due to low data quality.","**",
"AK","2015","July","12 month-ending","Natural & semi-synthetic opioids, incl. methadone (T40.2, T40.3)",,"100","0","Alaska","Numbers may differ from published reports using final data. See Technical Notes. Data not shown due to low data quality.","**",
"AK","2015","August","12 month-ending","Natural & semi-synthetic opioids, incl. methadone (T40.2, T40.3)",,"100","0","Alaska","Numbers may differ from published reports using final data. See Technical Notes. Data not shown due to low data quality.","**",
"AK","2015","September","12 month-ending","Natural & semi-synthetic opioids, incl. methadone (T40.2, T40.3)",,"100","0","Alaska","Numbers may differ from published reports using final data. See Technical Notes. Data not shown due to low data quality.","**",
"AK","2015","October","12 month-ending","Natural & semi-synthetic opioids, incl. methadone (T40.2, T40.3)","55","100","0","Alaska","Numbers may differ from published reports using final data. See Technical Notes.","**","55"
"AK","2015","November","12 month-ending","Natural & semi-synthetic opioids, incl. methadone (T40.2, T40.3)","54","100","0","Alaska","Numbers may differ from published reports using final data. See Technical Notes.","**","54"
"AK","2015","December","12 month-ending","Natural & semi-synthetic opioids, incl. methadone (T40.2, T40.3)",,"100","0","Alaska","Numbers may differ from published reports using final data. See Technical Notes. Data not shown due to low data quality.","**",
"AK","2016","January","12 month-ending","Natural & semi-synthetic opioids, incl. methadone (T40.2, T40.3)","66","100","0","Alaska","Numbers may differ from published reports using final data. See Technical Notes.","**","66"
"AK","2016","February","12 month-ending","Natural & semi-synthetic opioids, incl. methadone (T40.2, T40.3)","68","100","0","Alaska","Numbers may differ from published reports using final data. See Technical Notes.","**","68"
"AK","2016","March","12 month-ending","Natural & semi-synthetic opioids, incl. methadone (T40.2, T40.3)","64","100","0","Alaska","Numbers may differ from published reports using final data. See Technical Notes.","**","64"
"AK","2016","April","12 month-ending","Natural & semi-synthetic opioids, incl. methadone (T40.2, T40.3)","68","100","0","Alaska","Numbers may differ from published reports using final data. See Technical Notes.","**","68"
"AK","2016","May","12 month-ending","Natural & semi-synthetic opioids, incl. methadone (T40.2, T40.3)","70","100","0","Alaska","Numbers may differ from published reports using final data. See Technical Notes.","**","70"
"AK","2016","June","12 month-ending","Natural & semi-synthetic opioids, incl. methadone (T40.2, T40.3)","69","100","0","Alaska","Numbers may differ from published reports using final data. See Technical Notes.","**","69"
"AK","2016","July","12 month-ending","Natural & semi-synthetic opioids, incl. methadone (T40.2, T40.3)","70","100","0","Alaska","Numbers may differ from published reports using final data. See Technical Notes.","**","70"
"AK","2016","August","12 month-ending","Natural & semi-synthetic opioids, incl. methadone (T40.2, T40.3)","64","100","0.023386342","Alaska","Numbers may differ from published reports using final data. See Technical Notes.","**","64"
"AK","2016","September","12 month-ending","Natural & semi-synthetic opioids, incl. methadone (T40.2, T40.3)","62","100","0.046992481","Alaska","Numbers may differ from published reports using final data. See Technical Notes.","**","62"
"AK","2016","October","12 month-ending","Natural & semi-synthetic opioids, incl. methadone (T40.2, T40.3)","60","100","0.069913773","Alaska","Numbers may differ from published reports using final data. See Technical Notes.","**","60"
"AK","2016","November","12 month-ending","Natural & semi-synthetic opioids, incl. methadone (T40.2, T40.3)","59","100","0.069946374","Alaska","Numbers may differ from published reports using final data. See Technical Notes.","**","59"
"AK","2016","December","12 month-ending","Natural & semi-synthetic opioids, incl. methadone (T40.2, T40.3)","53","100","0.068886338","Alaska","Numbers may differ from published reports using final data. See Technical Notes.","**","53"
"AK","2017","January","12 month-ending","Natural & semi-synthetic opioids, incl. methadone (T40.2, T40.3)","47","100","0.068587106","Alaska","Numbers may differ from published reports using final data. See Technical Notes.","**","47"
"AK","2017","February","12 month-ending","Natural & semi-synthetic opioids, incl. methadone (T40.2, T40.3)","42","100","0.069013112","Alaska","Numbers may differ from published reports using final data. See Technical Notes.","**","42"
"AK","2017","March","12 month-ending","Natural & semi-synthetic opioids, incl. methadone (T40.2, T40.3)","41","100","0.068823125","Alaska","Numbers may differ from published reports using final data. See Technical Notes.","**","41"
"AK","2017","April","12 month-ending","Natural & semi-synthetic opioids, incl. methadone (T40.2, T40.3)","35","100","0.069364162","Alaska","Numbers may differ from published reports using final data. See Technical Notes.","**","35"
"AK","2017","May","12 month-ending","Natural & semi-synthetic opioids, incl. methadone (T40.2, T40.3)","39","100","0.070142623","Alaska","Numbers may differ from published reports using final data. See Technical Notes.","**","39"
"AK","2017","June","12 month-ending","Natural & semi-synthetic opioids, incl. methadone (T40.2, T40.3)","40","100","0.070159027","Alaska","Numbers may differ from published reports using final data. See Technical Notes.","**","40"
"AK","2017","July","12 month-ending","Natural & semi-synthetic opioids, incl. methadone (T40.2, T40.3)","44","100","0.07082153","Alaska","Numbers may differ from published reports using final data. See Technical Notes.","**","44"
"AK","2017","August","12 month-ending","Natural & semi-synthetic opioids, incl. methadone (T40.2, T40.3)","48","100","0.047236656","Alaska","Numbers may differ from published reports using final data. See Technical Notes.","**","48"
"AK","2017","September","12 month-ending","Natural & semi-synthetic opioids, incl. methadone (T40.2, T40.3)","52","100","0.023261224","Alaska","Numbers may differ from published reports using final data. See Technical Notes.","**","52"
"AK","2017","October","12 month-ending","Natural & semi-synthetic opioids, incl. methadone (T40.2, T40.3)","49","100","0","Alaska","Numbers may differ from published reports using final data. See Technical Notes.","**","49"
"AK","2017","November","12 month-ending","Natural & semi-synthetic opioids, incl. methadone (T40.2, T40.3)","47","100","0","Alaska","Numbers may differ from published reports using final data. See Technical Notes.","**","47"
"AK","2017","December","12 month-ending","Natural & semi-synthetic opioids, incl. methadone (T40.2, T40.3)","50","100","0","Alaska","Numbers may differ from published reports using final data. See Technical Notes.","**","50"
"AK","2018","January","12 month-ending","Natural & semi-synthetic opioids, incl. methadone (T40.2, T40.3)","51","100","0","Alaska","Numbers may differ from published reports using final data. See Technical Notes.","**","51"
"AK","2018","February","12 month-ending","Natural & semi-synthetic opioids, incl. methadone (T40.2, T40.3)","54","100","0","Alaska","Numbers may differ from published reports using final data. See Technical Notes.","**","54"
"AK","2018","March","12 month-ending","Natural & semi-synthetic opioids, incl. methadone (T40.2, T40.3)","53","100","0","Alaska","Numbers may differ from published reports using final data. See Technical Notes.","**","53"
"AK","2018","April","12 month-ending","Natural & semi-synthetic opioids, incl. methadone (T40.2, T40.3)","55","100","0","Alaska","Numbers may differ from published reports using final data. See Technical Notes.","**","55"
"AK","2018","May","12 month-ending","Natural & semi-synthetic opioids, incl. methadone (T40.2, T40.3)","48","100","0","Alaska","Numbers may differ from published reports using final data. See Technical Notes.","**","48"
"AK","2018","June","12 month-ending","Natural & semi-synthetic opioids, incl. methadone (T40.2, T40.3)","48","100","0","Alaska","Numbers may differ from published reports using final data. See Technical Notes.","**","48"
"AK","2018","July","12 month-ending","Natural & semi-synthetic opioids, incl. methadone (T40.2, T40.3)","43","100","0","Alaska","Numbers may differ from published reports using final data. See Technical Notes.","**","43"
"AK","2018","August","12 month-ending","Natural & semi-synthetic opioids, incl. methadone (T40.2, T40.3)","42","100","0","Alaska","Numbers may differ from published reports using final data. See Technical Notes.","**","42"
"AK","2018","September","12 month-ending","Natural & semi-synthetic opioids, incl. methadone (T40.2, T40.3)","36","100","0","Alaska","Numbers may differ from published reports using final data. See Technical Notes.","**","36"
"AK","2018","October","12 month-ending","Natural & semi-synthetic opioids, incl. methadone (T40.2, T40.3)","36","100","0","Alaska","Numbers may differ from published reports using final data. See Technical Notes.","**","36"
"AK","2018","November","12 month-ending","Natural & semi-synthetic opioids, incl. methadone (T40.2, T40.3)","38","100","0","Alaska","Numbers may differ from published reports using final data. See Technical Notes.","**","38"
"AK","2018","December","12 month-ending","Natural & semi-synthetic opioids, incl. methadone (T40.2, T40.3)","37","100","0","Alaska","Numbers may differ from published reports using final data. See Technical Notes.","**","37"
"AK","2019","January","12 month-ending","Natural & semi-synthetic opioids, incl. methadone (T40.2, T40.3)","40","100","0","Alaska","Numbers may differ from published reports using final data. See Technical Notes.","**","40"
"AK","2019","February","12 month-ending","Natural & semi-synthetic opioids, incl. methadone (T40.2, T40.3)","42","100","0","Alaska","Numbers may differ from published reports using final data. See Technical Notes.","**","42"
"AK","2019","March","12 month-ending","Natural & semi-synthetic opioids, incl. methadone (T40.2, T40.3)","47","100","0","Alaska","Numbers may differ from published reports using final data. See Technical Notes.","**","47"
"AK","2019","April","12 month-ending","Natural & semi-synthetic opioids, incl. methadone (T40.2, T40.3)","45","100","0","Alaska","Numbers may differ from published reports using final data. See Technical Notes.","**","45"
"AK","2019","May","12 month-ending","Natural & semi-synthetic opioids, incl. methadone (T40.2, T40.3)","45","100","0","Alaska","Numbers may differ from published reports using final data. See Technical Notes.","**","45"
"AK","2019","June","12 month-ending","Natural & semi-synthetic opioids, incl. methadone (T40.2, T40.3)","43","100","0","Alaska","Numbers may differ from published reports using final data. See Technical Notes.","**","43"
"AK","2019","July","12 month-ending","Natural & semi-synthetic opioids, incl. methadone (T40.2, T40.3)","45","100","0","Alaska","Numbers may differ from published reports using final data. See Technical Notes.","**","45"
"AK","2019","August","12 month-ending","Natural & semi-synthetic opioids, incl. methadone (T40.2, T40.3)","42","100","0","Alaska","Numbers may differ from published reports using final data. See Technical Notes.","**","42"
"AK","2019","September","12 month-ending","Natural & semi-synthetic opioids, incl. methadone (T40.2, T40.3)","43","100","0","Alaska","Numbers may differ from published reports using final data. See Technical Notes.","**","43"
"AK","2019","October","12 month-ending","Natural & semi-synthetic opioids, incl. methadone (T40.2, T40.3)","48","100","0","Alaska","Numbers may differ from published reports using final data. See Technical Notes.","**","48"
"AK","2019","November","12 month-ending","Natural & semi-synthetic opioids, incl. methadone (T40.2, T40.3)","48","100","0","Alaska","Numbers may differ from published reports using final data. See Technical Notes.","**","48"
"AK","2019","December","12 month-ending","Natural & semi-synthetic opioids, incl. methadone (T40.2, T40.3)","46","100","0","Alaska","Numbers may differ from published reports using final data. See Technical Notes.","**","46"
"AK","2020","January","12 month-ending","Natural & semi-synthetic opioids, incl. methadone (T40.2, T40.3)","44","100","0","Alaska","Numbers may differ from published reports using final data. See Technical Notes.","**","44"
"AK","2020","February","12 month-ending","Natural & semi-synthetic opioids, incl. methadone (T40.2, T40.3)","40","100","0","Alaska","Numbers may differ from published reports using final data. See Technical Notes.","**","40"
"AK","2020","March","12 month-ending","Natural & semi-synthetic opioids, incl. methadone (T40.2, T40.3)","35","100","0","Alaska","Numbers may differ from published reports using final data. See Technical Notes.","**","35"
"AK","2020","April","12 month-ending","Natural & semi-synthetic opioids, incl. methadone (T40.2, T40.3)","36","100","0","Alaska","Numbers may differ from published reports using final data. See Technical Notes.","**","36"
"AK","2020","May","12 month-ending","Natural & semi-synthetic opioids, incl. methadone (T40.2, T40.3)","38","100","0","Alaska","Numbers may differ from published reports using final data. See Technical Notes.","**","38"
"AK","2020","June","12 month-ending","Natural & semi-synthetic opioids, incl. methadone (T40.2, T40.3)","44","100","0","Alaska","Numbers may differ from published reports using final data. See Technical Notes.","**","44"
"AK","2020","July","12 month-ending","Natural & semi-synthetic opioids, incl. methadone (T40.2, T40.3)","44","100","0","Alaska","Numbers may differ from published reports using final data. See Technical Notes.","**","44"
"AK","2020","August","12 month-ending","Natural & semi-synthetic opioids, incl. methadone (T40.2, T40.3)","46","100","0","Alaska","Numbers may differ from published reports using final data. See Technical Notes.","**","46"
"AK","2020","September","12 month-ending","Natural & semi-synthetic opioids, incl. methadone (T40.2, T40.3)","47","100","0","Alaska","Numbers may differ from published reports using final data. See Technical Notes.","**","47"
"AK","2020","October","12 month-ending","Natural & semi-synthetic opioids, incl. methadone (T40.2, T40.3)","43","100","0","Alaska","Numbers may differ from published reports using final data. See Technical Notes.","**","43"
"AK","2020","November","12 month-ending","Natural & semi-synthetic opioids, incl. methadone (T40.2, T40.3)","44","100","0","Alaska","Numbers may differ from published reports using final data. See Technical Notes.","**","44"
"AK","2020","December","12 month-ending","Natural & semi-synthetic opioids, incl. methadone (T40.2, T40.3)","44","100","0","Alaska","Numbers may differ from published reports using final data. See Technical Notes.","**","44"
"AK","2021","January","12 month-ending","Natural & semi-synthetic opioids, incl. methadone (T40.2, T40.3)","43","100","0","Alaska","Numbers may differ from published reports using final data. See Technical Notes.","**","43"
"AK","2021","February","12 month-ending","Natural & semi-synthetic opioids, incl. methadone (T40.2, T40.3)","45","100","0","Alaska","Numbers may differ from published reports using final data. See Technical Notes.","**","45"
"AK","2021","March","12 month-ending","Natural & semi-synthetic opioids, incl. methadone (T40.2, T40.3)","55","100","0","Alaska","Numbers may differ from published reports using final data. See Technical Notes.","**","55"
"AK","2021","April","12 month-ending","Natural & semi-synthetic opioids, incl. methadone (T40.2, T40.3)","58","100","0","Alaska","Numbers may differ from published reports using final data. See Technical Notes.","**","58"
"AK","2021","May","12 month-ending","Natural & semi-synthetic opioids, incl. methadone (T40.2, T40.3)","65","100","0","Alaska","Numbers may differ from published reports using final data. See Technical Notes.","**","65"
"AK","2021","June","12 month-ending","Natural & semi-synthetic opioids, incl. methadone (T40.2, T40.3)","62","100","0","Alaska","Numbers may differ from published reports using final data. See Technical Notes.","**","62"
"AK","2021","July","12 month-ending","Natural & semi-synthetic opioids, incl. methadone (T40.2, T40.3)","67","100","0","Alaska","Numbers may differ from published reports using final data. See Technical Notes.","**","67"
"AK","2021","August","12 month-ending","Natural & semi-synthetic opioids, incl. methadone (T40.2, T40.3)","71","100","0","Alaska","Numbers may differ from published reports using final data. See Technical Notes.","**","71"
"AK","2021","September","12 month-ending","Natural & semi-synthetic opioids, incl. methadone (T40.2, T40.3)","75","100","0","Alaska","Numbers may differ from published reports using final data. See Technical Notes.","**","75"
"AK","2021","October","12 month-ending","Natural & semi-synthetic opioids, incl. methadone (T40.2, T40.3)","78","100","0","Alaska","Numbers may differ from published reports using final data. See Technical Notes.","**","78"
"AK","2021","November","12 month-ending","Natural & semi-synthetic opioids, incl. methadone (T40.2, T40.3)","79","100","0","Alaska","Numbers may differ from published reports using final data. See Technical Notes.","**","79"
"AK","2021","December","12 month-ending","Natural & semi-synthetic opioids, incl. methadone (T40.2, T40.3)","81","100","0","Alaska","Numbers may differ from published reports using final data. See Technical Notes.","**","81"
"AK","2022","January","12 month-ending","Natural & semi-synthetic opioids, incl. methadone (T40.2, T40.3)","81","100","0","Alaska","Numbers may differ from published reports using final data. See Technical Notes.","**","81"
"AK","2022","February","12 month-ending","Natural & semi-synthetic opioids, incl. methadone (T40.2, T40.3)","80","100","0","Alaska","Numbers may differ from published reports using final data. See Technical Notes.","**","80"
"AK","2022","March","12 month-ending","Natural & semi-synthetic opioids, incl. methadone (T40.2, T40.3)","75","100","0","Alaska","Numbers may differ from published reports using final data. See Technical Notes.","**","75"
"AK","2022","April","12 month-ending","Natural & semi-synthetic opioids, incl. methadone (T40.2, T40.3)","73","100","0","Alaska","Numbers may differ from published reports using final data. See Technical Notes.","**","73"
"AK","2022","May","12 month-ending","Natural & semi-synthetic opioids, incl. methadone (T40.2, T40.3)","63","100","0","Alaska","Numbers may differ from published reports using final data. See Technical Notes.","**","63"
"AK","2022","June","12 month-ending","Natural & semi-synthetic opioids, incl. methadone (T40.2, T40.3)","69","100","0","Alaska","Numbers may differ from published reports using final data. See Technical Notes.","**","69"
"AK","2022","July","12 month-ending","Natural & semi-synthetic opioids, incl. methadone (T40.2, T40.3)","65","100","0","Alaska","Numbers may differ from published reports using final data. See Technical Notes.","**","65"
"AK","2022","August","12 month-ending","Natural & semi-synthetic opioids, incl. methadone (T40.2, T40.3)","61","100","0","Alaska","Numbers may differ from published reports using final data. See Technical Notes.","**","61"
"AK","2022","September","12 month-ending","Natural & semi-synthetic opioids, incl. methadone (T40.2, T40.3)","59","100","0","Alaska","Numbers may differ from published reports using final data. See Technical Notes.","**","59"
"AK","2022","October","12 month-ending","Natural & semi-synthetic opioids, incl. methadone (T40.2, T40.3)","55","100","0","Alaska","Numbers may differ from published reports using final data. See Technical Notes.","**","55"
"AK","2022","November","12 month-ending","Natural & semi-synthetic opioids, incl. methadone (T40.2, T40.3)","54","100","0","Alaska","Numbers may differ from published reports using final data. See Technical Notes.","**","54"
"AK","2022","December","12 month-ending","Natural & semi-synthetic opioids, incl. methadone (T40.2, T40.3)","55","100","0","Alaska","Numbers may differ from published reports using final data. See Technical Notes.","**","55"
"AK","2023","January","12 month-ending","Natural & semi-synthetic opioids, incl. methadone (T40.2, T40.3)","55","100","0","Alaska","Numbers may differ from published reports using final data. See Technical Notes.","**","55"
"AK","2023","February","12 month-ending","Natural & semi-synthetic opioids, incl. methadone (T40.2, T40.3)","60","100","0","Alaska","Numbers may differ from published reports using final data. See Technical Notes.","**","60"
"AK","2023","March","12 month-ending","Natural & semi-synthetic opioids, incl. methadone (T40.2, T40.3)","59","100","0","Alaska","Numbers may differ from published reports using final data. See Technical Notes.","**","59"
"AK","2023","April","12 month-ending","Natural & semi-synthetic opioids, incl. methadone (T40.2, T40.3)","61","100","0","Alaska","Numbers may differ from published reports using final data. See Technical Notes.","**","61"
"AK","2023","May","12 month-ending","Natural & semi-synthetic opioids, incl. methadone (T40.2, T40.3)","63","100","0","Alaska","Numbers may differ from published reports using final data. See Technical Notes.","**","63"
"AK","2023","June","12 month-ending","Natural & semi-synthetic opioids, incl. methadone (T40.2, T40.3)","53","100","0","Alaska","Numbers may differ from published reports using final data. See Technical Notes.","**","53"
"AK","2023","July","12 month-ending","Natural & semi-synthetic opioids, incl. methadone (T40.2, T40.3)","52","100","0","Alaska","Numbers may differ from published reports using final data. See Technical Notes.","**","52"
"AK","2023","August","12 month-ending","Natural & semi-synthetic opioids, incl. methadone (T40.2, T40.3)","51","100","0","Alaska","Numbers may differ from published reports using final data. See Technical Notes.","**","51"
"AK","2023","September","12 month-ending","Natural & semi-synthetic opioids, incl. methadone (T40.2, T40.3)","48","100","0","Alaska","Numbers may differ from published reports using final data. See Technical Notes.","**","48"
"AK","2023","October","12 month-ending","Natural & semi-synthetic opioids, incl. methadone (T40.2, T40.3)","49","100","0","Alaska","Numbers may differ from published reports using final data. See Technical Notes.","**","49"
"AK","2023","November","12 month-ending","Natural & semi-synthetic opioids, incl. methadone (T40.2, T40.3)","51","100","0","Alaska","Numbers may differ from published reports using final data. See Technical Notes.","**","51"
"AK","2023","December","12 month-ending","Natural & semi-synthetic opioids, incl. methadone (T40.2, T40.3)","47","100","0","Alaska","Numbers may differ from published reports using final data. See Technical Notes.","**","47"
"AK","2024","January","12 month-ending","Natural & semi-synthetic opioids, incl. methadone (T40.2, T40.3)","53","100","0","Alaska","Underreported due to incomplete data.","*","53"
"AK","2024","February","12 month-ending","Natural & semi-synthetic opioids, incl. methadone (T40.2, T40.3)","48","100","0","Alaska","Underreported due to incomplete data.","*","48"
"AK","2024","March","12 month-ending","Natural & semi-synthetic opioids, incl. methadone (T40.2, T40.3)","42","100","0","Alaska","Underreported due to incomplete data.","*","42"
"AK","2024","April","12 month-ending","Natural & semi-synthetic opioids, incl. methadone (T40.2, T40.3)","39","100","0","Alaska","Underreported due to incomplete data.","*","39"
"AK","2024","May","12 month-ending","Natural & semi-synthetic opioids, incl. methadone (T40.2, T40.3)","37","100","0","Alaska","Underreported due to incomplete data.","*","37"
"AK","2024","June","12 month-ending","Natural & semi-synthetic opioids, incl. methadone (T40.2, T40.3)","38","100","0","Alaska","Underreported due to incomplete data.","*","38"
"AK","2024","July","12 month-ending","Natural & semi-synthetic opioids, incl. methadone (T40.2, T40.3)","37","100","0","Alaska","Underreported due to incomplete data.","*","37"
"AK","2024","August","12 month-ending","Natural & semi-synthetic opioids, incl. methadone (T40.2, T40.3)","36","100","0","Alaska","Underreported due to incomplete data.","*","36"
"AK","2024","September","12 month-ending","Natural & semi-synthetic opioids, incl. methadone (T40.2, T40.3)","36","100","0","Alaska","Underreported due to incomplete data.","*","36"
"AK","2024","October","12 month-ending","Natural & semi-synthetic opioids, incl. methadone (T40.2, T40.3)","38","100","0","Alaska","Underreported due to incomplete data.","*","38"
"AK","2024","November","12 month-ending","Natural & semi-synthetic opioids, incl. methadone (T40.2, T40.3)","35","100","0","Alaska","Underreported due to incomplete data.","*","35"
"AK","2024","December","12 month-ending","Natural & semi-synthetic opioids, incl. methadone (T40.2, T40.3)","41","100","0","Alaska","Underreported due to incomplete data.","*","41"
"AK","2025","January","12 month-ending","Natural & semi-synthetic opioids, incl. methadone (T40.2, T40.3)","35","100","0","Alaska","Underreported due to incomplete data.","*","35"
"AK","2025","February","12 month-ending","Natural & semi-synthetic opioids, incl. methadone (T40.2, T40.3)","38","100","0","Alaska","Underreported due to incomplete data.","*","38"
"AK","2025","March","12 month-ending","Natural & semi-synthetic opioids, incl. methadone (T40.2, T40.3)","43","100","0","Alaska","Underreported due to incomplete data.","*","43"
"AK","2025","April","12 month-ending","Natural & semi-synthetic opioids, incl. methadone (T40.2, T40.3)","46","100","0","Alaska","Underreported due to incomplete data.","*","46"
"AK","2025","May","12 month-ending","Natural & semi-synthetic opioids, incl. methadone (T40.2, T40.3)","50","100","0","Alaska","Underreported due to incomplete data.","*","50"
"AK","2025","June","12 month-ending","Natural & semi-synthetic opioids, incl. methadone (T40.2, T40.3)","51","100","0","Alaska","Underreported due to incomplete data.","*","51"
"AK","2025","July","12 month-ending","Natural & semi-synthetic opioids, incl. methadone (T40.2, T40.3)","52","100","0","Alaska","Underreported due to incomplete data.","*","52"
"AK","2025","August","12 month-ending","Natural & semi-synthetic opioids, incl. methadone (T40.2, T40.3)","55","100","0","Alaska","Underreported due to incomplete data.","*","55"
"AK","2025","September","12 month-ending","Natural & semi-synthetic opioids, incl. methadone (T40.2, T40.3)","55","100","0","Alaska","Underreported due to incomplete data.","*","55"
"AK","2025","October","12 month-ending","Natural & semi-synthetic opioids, incl. methadone (T40.2, T40.3)","50","100","0","Alaska","Underreported due to incomplete data.","*","50"
"AK","2015","January","12 month-ending","Natural, semi-synthetic, & synthetic opioids, incl. methadone (T40.2-T40.4)",,"100","0","Alaska","Numbers may differ from published reports using final data. See Technical Notes. Data not shown due to low data quality.","**",
"AK","2015","February","12 month-ending","Natural, semi-synthetic, & synthetic opioids, incl. methadone (T40.2-T40.4)",,"100","0","Alaska","Numbers may differ from published reports using final data. See Technical Notes. Data not shown due to low data quality.","**",
"AK","2015","March","12 month-ending","Natural, semi-synthetic, & synthetic opioids, incl. methadone (T40.2-T40.4)",,"100","0","Alaska","Numbers may differ from published reports using final data. See Technical Notes. Data not shown due to low data quality.","**",
"AK","2015","April","12 month-ending","Natural, semi-synthetic, & synthetic opioids, incl. methadone (T40.2-T40.4)",,"100","0","Alaska","Numbers may differ from published reports using final data. See Technical Notes. Data not shown due to low data quality.","**",
"AK","2015","May","12 month-ending","Natural, semi-synthetic, & synthetic opioids, incl. methadone (T40.2-T40.4)",,"100","0","Alaska","Numbers may differ from published reports using final data. See Technical Notes. Data not shown due to low data quality.","**",
"AK","2015","June","12 month-ending","Natural, semi-synthetic, & synthetic opioids, incl. methadone (T40.2-T40.4)",,"100","0","Alaska","Numbers may differ from published reports using final data. See Technical Notes. Data not shown due to low data quality.","**",
"AK","2015","July","12 month-ending","Natural, semi-synthetic, & synthetic opioids, incl. methadone (T40.2-T40.4)",,"100","0","Alaska","Numbers may differ from published reports using final data. See Technical Notes. Data not shown due to low data quality.","**",
"AK","2015","August","12 month-ending","Natural, semi-synthetic, & synthetic opioids, incl. methadone (T40.2-T40.4)",,"100","0","Alaska","Numbers may differ from published reports using final data. See Technical Notes. Data not shown due to low data quality.","**",
"AK","2015","September","12 month-ending","Natural, semi-synthetic, & synthetic opioids, incl. methadone (T40.2-T40.4)",,"100","0","Alaska","Numbers may differ from published reports using final data. See Technical Notes. Data not shown due to low data quality.","**",
"AK","2015","October","12 month-ending","Natural, semi-synthetic, & synthetic opioids, incl. methadone (T40.2-T40.4)","66","100","0","Alaska","Numbers may differ from published reports using final data. See Technical Notes.","**","66"
"AK","2015","November","12 month-ending","Natural, semi-synthetic, & synthetic opioids, incl. methadone (T40.2-T40.4)","64","100","0","Alaska","Numbers may differ from published reports using final data. See Technical Notes.","**","64"
"AK","2015","December","12 month-ending","Natural, semi-synthetic, & synthetic opioids, incl. methadone (T40.2-T40.4)",,"100","0","Alaska","Numbers may differ from published reports using final data. See Technical Notes. Data not shown due to low data quality.","**",
"AK","2016","January","12 month-ending","Natural, semi-synthetic, & synthetic opioids, incl. methadone (T40.2-T40.4)","75","100","0","Alaska","Numbers may differ from published reports using final data. See Technical Notes.","**","75"
"AK","2016","February","12 month-ending","Natural, semi-synthetic, & synthetic opioids, incl. methadone (T40.2-T40.4)","76","100","0","Alaska","Numbers may differ from published reports using final data. See Technical Notes.","**","76"
"AK","2016","March","12 month-ending","Natural, semi-synthetic, & synthetic opioids, incl. methadone (T40.2-T40.4)","72","100","0","Alaska","Numbers may differ from published reports using final data. See Technical Notes.","**","72"
"AK","2016","April","12 month-ending","Natural, semi-synthetic, & synthetic opioids, incl. methadone (T40.2-T40.4)","75","100","0","Alaska","Numbers may differ from published reports using final data. See Technical Notes.","**","75"
"AK","2016","May","12 month-ending","Natural, semi-synthetic, & synthetic opioids, incl. methadone (T40.2-T40.4)","77","100","0","Alaska","Numbers may differ from published reports using final data. See Technical Notes.","**","77"
"AK","2016","June","12 month-ending","Natural, semi-synthetic, & synthetic opioids, incl. methadone (T40.2-T40.4)","76","100","0","Alaska","Numbers may differ from published reports using final data. See Technical Notes.","**","76"
"AK","2016","July","12 month-ending","Natural, semi-synthetic, & synthetic opioids, incl. methadone (T40.2-T40.4)","78","100","0","Alaska","Numbers may differ from published reports using final data. See Technical Notes.","**","78"
"AK","2016","August","12 month-ending","Natural, semi-synthetic, & synthetic opioids, incl. methadone (T40.2-T40.4)","72","100","0.023386342","Alaska","Numbers may differ from published reports using final data. See Technical Notes.","**","72"
"AK","2016","September","12 month-ending","Natural, semi-synthetic, & synthetic opioids, incl. methadone (T40.2-T40.4)","68","100","0.046992481","Alaska","Numbers may differ from published reports using final data. See Technical Notes.","**","68"
"AK","2016","October","12 month-ending","Natural, semi-synthetic, & synthetic opioids, incl. methadone (T40.2-T40.4)","64","100","0.069913773","Alaska","Numbers may differ from published reports using final data. See Technical Notes.","**","64"
"AK","2016","November","12 month-ending","Natural, semi-synthetic, & synthetic opioids, incl. methadone (T40.2-T40.4)","64","100","0.069946374","Alaska","Numbers may differ from published reports using final data. See Technical Notes.","**","64"
"AK","2016","December","12 month-ending","Natural, semi-synthetic, & synthetic opioids, incl. methadone (T40.2-T40.4)","59","100","0.068886338","Alaska","Numbers may differ from published reports using final data. See Technical Notes.","**","59"
"AK","2017","January","12 month-ending","Natural, semi-synthetic, & synthetic opioids, incl. methadone (T40.2-T40.4)","54","100","0.068587106","Alaska","Numbers may differ from published reports using final data. See Technical Notes.","**","54"
"AK","2017","February","12 month-ending","Natural, semi-synthetic, & synthetic opioids, incl. methadone (T40.2-T40.4)","50","100","0.069013112","Alaska","Numbers may differ from published reports using final data. See Technical Notes.","**","50"
"AK","2017","March","12 month-ending","Natural, semi-synthetic, & synthetic opioids, incl. methadone (T40.2-T40.4)","49","100","0.068823125","Alaska","Numbers may differ from published reports using final data. See Technical Notes.","**","49"
"AK","2017","April","12 month-ending","Natural, semi-synthetic, & synthetic opioids, incl. methadone (T40.2-T40.4)","44","100","0.069364162","Alaska","Numbers may differ from published reports using final data. See Technical Notes.","**","44"
"AK","2017","May","12 month-ending","Natural, semi-synthetic, & synthetic opioids, incl. methadone (T40.2-T40.4)","53","100","0.070142623","Alaska","Numbers may differ from published reports using final data. See Technical Notes.","**","53"
"AK","2017","June","12 month-ending","Natural, semi-synthetic, & synthetic opioids, incl. methadone (T40.2-T40.4)","57","100","0.070159027","Alaska","Numbers may differ from published reports using final data. See Technical Notes.","**","57"
"AK","2017","July","12 month-ending","Natural, semi-synthetic, & synthetic opioids, incl. methadone (T40.2-T40.4)","63","100","0.07082153","Alaska","Numbers may differ from published reports using final data. See Technical Notes.","**","63"
"AK","2017","August","12 month-ending","Natural, semi-synthetic, & synthetic opioids, incl. methadone (T40.2-T40.4)","68","100","0.047236656","Alaska","Numbers may differ from published reports using final data. See Technical Notes.","**","68"
"AK","2017","September","12 month-ending","Natural, semi-synthetic, & synthetic opioids, incl. methadone (T40.2-T40.4)","74","100","0.023261224","Alaska","Numbers may differ from published reports using final data. See Technical Notes.","**","74"
"AK","2017","October","12 month-ending","Natural, semi-synthetic, & synthetic opioids, incl. methadone (T40.2-T40.4)","72","100","0","Alaska","Numbers may differ from published reports using final data. See Technical Notes.","**","72"
"AK","2017","November","12 month-ending","Natural, semi-synthetic, & synthetic opioids, incl. methadone (T40.2-T40.4)","70","100","0","Alaska","Numbers may differ from published reports using final data. See Technical Notes.","**","70"
"AK","2017","December","12 month-ending","Natural, semi-synthetic, & synthetic opioids, incl. methadone (T40.2-T40.4)","75","100","0","Alaska","Numbers may differ from published reports using final data. See Technical Notes.","**","75"
"AK","2018","January","12 month-ending","Natural, semi-synthetic, & synthetic opioids, incl. methadone (T40.2-T40.4)","77","100","0","Alaska","Numbers may differ from published reports using final data. See Technical Notes.","**","77"
"AK","2018","February","12 month-ending","Natural, semi-synthetic, & synthetic opioids, incl. methadone (T40.2-T40.4)","80","100","0","Alaska","Numbers may differ from published reports using final data. See Technical Notes.","**","80"
"AK","2018","March","12 month-ending","Natural, semi-synthetic, & synthetic opioids, incl. methadone (T40.2-T40.4)","79","100","0","Alaska","Numbers may differ from published reports using final data. See Technical Notes.","**","79"
"AK","2018","April","12 month-ending","Natural, semi-synthetic, & synthetic opioids, incl. methadone (T40.2-T40.4)","80","100","0","Alaska","Numbers may differ from published reports using final data. See Technical Notes.","**","80"
"AK","2018","May","12 month-ending","Natural, semi-synthetic, & synthetic opioids, incl. methadone (T40.2-T40.4)","67","100","0","Alaska","Numbers may differ from published reports using final data. See Technical Notes.","**","67"
"AK","2018","June","12 month-ending","Natural, semi-synthetic, & synthetic opioids, incl. methadone (T40.2-T40.4)","65","100","0","Alaska","Numbers may differ from published reports using final data. See Technical Notes.","**","65"
"AK","2018","July","12 month-ending","Natural, semi-synthetic, & synthetic opioids, incl. methadone (T40.2-T40.4)","59","100","0","Alaska","Numbers may differ from published reports using final data. See Technical Notes.","**","59"
"AK","2018","August","12 month-ending","Natural, semi-synthetic, & synthetic opioids, incl. methadone (T40.2-T40.4)","56","100","0","Alaska","Numbers may differ from published reports using final data. See Technical Notes.","**","56"
"AK","2018","September","12 month-ending","Natural, semi-synthetic, & synthetic opioids, incl. methadone (T40.2-T40.4)","48","100","0","Alaska","Numbers may differ from published reports using final data. See Technical Notes.","**","48"
"AK","2018","October","12 month-ending","Natural, semi-synthetic, & synthetic opioids, incl. methadone (T40.2-T40.4)","48","100","0","Alaska","Numbers may differ from published reports using final data. See Technical Notes.","**","48"
"AK","2018","November","12 month-ending","Natural, semi-synthetic, & synthetic opioids, incl. methadone (T40.2-T40.4)","50","100","0","Alaska","Numbers may differ from published reports using final data. See Technical Notes.","**","50"
"AK","2018","December","12 month-ending","Natural, semi-synthetic, & synthetic opioids, incl. methadone (T40.2-T40.4)","46","100","0","Alaska","Numbers may differ from published reports using final data. See Technical Notes.","**","46"
"AK","2019","January","12 month-ending","Natural, semi-synthetic, & synthetic opioids, incl. methadone (T40.2-T40.4)","48","100","0","Alaska","Numbers may differ from published reports using final data. See Technical Notes.","**","48"
"AK","2019","February","12 month-ending","Natural, semi-synthetic, & synthetic opioids, incl. methadone (T40.2-T40.4)","51","100","0","Alaska","Numbers may differ from published reports using final data. See Technical Notes.","**","51"
"AK","2019","March","12 month-ending","Natural, semi-synthetic, & synthetic opioids, incl. methadone (T40.2-T40.4)","57","100","0","Alaska","Numbers may differ from published reports using final data. See Technical Notes.","**","57"
"AK","2019","April","12 month-ending","Natural, semi-synthetic, & synthetic opioids, incl. methadone (T40.2-T40.4)","55","100","0","Alaska","Numbers may differ from published reports using final data. See Technical Notes.","**","55"
"AK","2019","May","12 month-ending","Natural, semi-synthetic, & synthetic opioids, incl. methadone (T40.2-T40.4)","55","100","0","Alaska","Numbers may differ from published reports using final data. See Technical Notes.","**","55"
"AK","2019","June","12 month-ending","Natural, semi-synthetic, & synthetic opioids, incl. methadone (T40.2-T40.4)","53","100","0","Alaska","Numbers may differ from published reports using final data. See Technical Notes.","**","53"
"AK","2019","July","12 month-ending","Natural, semi-synthetic, & synthetic opioids, incl. methadone (T40.2-T40.4)","53","100","0","Alaska","Numbers may differ from published reports using final data. See Technical Notes.","**","53"
"AK","2019","August","12 month-ending","Natural, semi-synthetic, & synthetic opioids, incl. methadone (T40.2-T40.4)","50","100","0","Alaska","Numbers may differ from published reports using final data. See Technical Notes.","**","50"
"AK","2019","September","12 month-ending","Natural, semi-synthetic, & synthetic opioids, incl. methadone (T40.2-T40.4)","55","100","0","Alaska","Numbers may differ from published reports using final data. See Technical Notes.","**","55"
"AK","2019","October","12 month-ending","Natural, semi-synthetic, & synthetic opioids, incl. methadone (T40.2-T40.4)","63","100","0","Alaska","Numbers may differ from published reports using final data. See Technical Notes.","**","63"
"AK","2019","November","12 month-ending","Natural, semi-synthetic, & synthetic opioids, incl. methadone (T40.2-T40.4)","62","100","0","Alaska","Numbers may differ from published reports using final data. See Technical Notes.","**","62"
"AK","2019","December","12 month-ending","Natural, semi-synthetic, & synthetic opioids, incl. methadone (T40.2-T40.4)","60","100","0","Alaska","Numbers may differ from published reports using final data. See Technical Notes.","**","60"
"AK","2020","January","12 month-ending","Natural, semi-synthetic, & synthetic opioids, incl. methadone (T40.2-T40.4)","56","100","0","Alaska","Numbers may differ from published reports using final data. See Technical Notes.","**","56"
"AK","2020","February","12 month-ending","Natural, semi-synthetic, & synthetic opioids, incl. methadone (T40.2-T40.4)","53","100","0","Alaska","Numbers may differ from published reports using final data. See Technical Notes.","**","53"
"AK","2020","March","12 month-ending","Natural, semi-synthetic, & synthetic opioids, incl. methadone (T40.2-T40.4)","51","100","0","Alaska","Numbers may differ from published reports using final data. See Technical Notes.","**","51"
"AK","2020","April","12 month-ending","Natural, semi-synthetic, & synthetic opioids, incl. methadone (T40.2-T40.4)","57","100","0","Alaska","Numbers may differ from published reports using final data. See Technical Notes.","**","57"
"AK","2020","May","12 month-ending","Natural, semi-synthetic, & synthetic opioids, incl. methadone (T40.2-T40.4)","65","100","0","Alaska","Numbers may differ from published reports using final data. See Technical Notes.","**","65"
"AK","2020","June","12 month-ending","Natural, semi-synthetic, & synthetic opioids, incl. methadone (T40.2-T40.4)","72","100","0","Alaska","Numbers may differ from published reports using final data. See Technical Notes.","**","72"
"AK","2020","July","12 month-ending","Natural, semi-synthetic, & synthetic opioids, incl. methadone (T40.2-T40.4)","76","100","0","Alaska","Numbers may differ from published reports using final data. See Technical Notes.","**","76"
"AK","2020","August","12 month-ending","Natural, semi-synthetic, & synthetic opioids, incl. methadone (T40.2-T40.4)","83","100","0","Alaska","Numbers may differ from published reports using final data. See Technical Notes.","**","83"
"AK","2020","September","12 month-ending","Natural, semi-synthetic, & synthetic opioids, incl. methadone (T40.2-T40.4)","81","100","0","Alaska","Numbers may differ from published reports using final data. See Technical Notes.","**","81"
"AK","2020","October","12 month-ending","Natural, semi-synthetic, & synthetic opioids, incl. methadone (T40.2-T40.4)","76","100","0","Alaska","Numbers may differ from published reports using final data. See Technical Notes.","**","76"
"AK","2020","November","12 month-ending","Natural, semi-synthetic, & synthetic opioids, incl. methadone (T40.2-T40.4)","81","100","0","Alaska","Numbers may differ from published reports using final data. See Technical Notes.","**","81"
"AK","2020","December","12 month-ending","Natural, semi-synthetic, & synthetic opioids, incl. methadone (T40.2-T40.4)","88","100","0","Alaska","Numbers may differ from published reports using final data. See Technical Notes.","**","88"
"AK","2021","January","12 month-ending","Natural, semi-synthetic, & synthetic opioids, incl. methadone (T40.2-T40.4)","95","100","0","Alaska","Numbers may differ from published reports using final data. See Technical Notes.","**","95"
"AK","2021","February","12 month-ending","Natural, semi-synthetic, & synthetic opioids, incl. methadone (T40.2-T40.4)","97","100","0","Alaska","Numbers may differ from published reports using final data. See Technical Notes.","**","97"
"AK","2021","March","12 month-ending","Natural, semi-synthetic, & synthetic opioids, incl. methadone (T40.2-T40.4)","111","100","0","Alaska","Numbers may differ from published reports using final data. See Technical Notes.","**","111"
"AK","2021","April","12 month-ending","Natural, semi-synthetic, & synthetic opioids, incl. methadone (T40.2-T40.4)","117","100","0","Alaska","Numbers may differ from published reports using final data. See Technical Notes.","**","117"
"AK","2021","May","12 month-ending","Natural, semi-synthetic, & synthetic opioids, incl. methadone (T40.2-T40.4)","131","100","0","Alaska","Numbers may differ from published reports using final data. See Technical Notes.","**","131"
"AK","2021","June","12 month-ending","Natural, semi-synthetic, & synthetic opioids, incl. methadone (T40.2-T40.4)","134","100","0","Alaska","Numbers may differ from published reports using final data. See Technical Notes.","**","134"
"AK","2021","July","12 month-ending","Natural, semi-synthetic, & synthetic opioids, incl. methadone (T40.2-T40.4)","142","100","0","Alaska","Numbers may differ from published reports using final data. See Technical Notes.","**","142"
"AK","2021","August","12 month-ending","Natural, semi-synthetic, & synthetic opioids, incl. methadone (T40.2-T40.4)","149","100","0","Alaska","Numbers may differ from published reports using final data. See Technical Notes.","**","149"
"AK","2021","September","12 month-ending","Natural, semi-synthetic, & synthetic opioids, incl. methadone (T40.2-T40.4)","159","100","0","Alaska","Numbers may differ from published reports using final data. See Technical Notes.","**","159"
"AK","2021","October","12 month-ending","Natural, semi-synthetic, & synthetic opioids, incl. methadone (T40.2-T40.4)","172","100","0","Alaska","Numbers may differ from published reports using final data. See Technical Notes.","**","172"
"AK","2021","November","12 month-ending","Natural, semi-synthetic, & synthetic opioids, incl. methadone (T40.2-T40.4)","181","100","0","Alaska","Numbers may differ from published reports using final data. See Technical Notes.","**","181"
"AK","2021","December","12 month-ending","Natural, semi-synthetic, & synthetic opioids, incl. methadone (T40.2-T40.4)","179","100","0","Alaska","Numbers may differ from published reports using final data. See Technical Notes.","**","179"
"AK","2022","January","12 month-ending","Natural, semi-synthetic, & synthetic opioids, incl. methadone (T40.2-T40.4)","174","100","0","Alaska","Numbers may differ from published reports using final data. See Technical Notes.","**","174"
"AK","2022","February","12 month-ending","Natural, semi-synthetic, & synthetic opioids, incl. methadone (T40.2-T40.4)","179","100","0","Alaska","Numbers may differ from published reports using final data. See Technical Notes.","**","179"
"AK","2022","March","12 month-ending","Natural, semi-synthetic, & synthetic opioids, incl. methadone (T40.2-T40.4)","181","100","0","Alaska","Numbers may differ from published reports using final data. See Technical Notes.","**","181"
"AK","2022","April","12 month-ending","Natural, semi-synthetic, & synthetic opioids, incl. methadone (T40.2-T40.4)","178","100","0","Alaska","Numbers may differ from published reports using final data. See Technical Notes.","**","178"
"AK","2022","May","12 month-ending","Natural, semi-synthetic, & synthetic opioids, incl. methadone (T40.2-T40.4)","166","100","0","Alaska","Numbers may differ from published reports using final data. See Technical Notes.","**","166"
"AK","2022","June","12 month-ending","Natural, semi-synthetic, & synthetic opioids, incl. methadone (T40.2-T40.4)","173","100","0","Alaska","Numbers may differ from published reports using final data. See Technical Notes.","**","173"
"AK","2022","July","12 month-ending","Natural, semi-synthetic, & synthetic opioids, incl. methadone (T40.2-T40.4)","173","100","0","Alaska","Numbers may differ from published reports using final data. See Technical Notes.","**","173"
"AK","2022","August","12 month-ending","Natural, semi-synthetic, & synthetic opioids, incl. methadone (T40.2-T40.4)","176","100","0","Alaska","Numbers may differ from published reports using final data. See Technical Notes.","**","176"
"AK","2022","September","12 month-ending","Natural, semi-synthetic, & synthetic opioids, incl. methadone (T40.2-T40.4)","173","100","0","Alaska","Numbers may differ from published reports using final data. See Technical Notes.","**","173"
"AK","2022","October","12 month-ending","Natural, semi-synthetic, & synthetic opioids, incl. methadone (T40.2-T40.4)","165","100","0","Alaska","Numbers may differ from published reports using final data. See Technical Notes.","**","165"
"AK","2022","November","12 month-ending","Natural, semi-synthetic, & synthetic opioids, incl. methadone (T40.2-T40.4)","162","100","0","Alaska","Numbers may differ from published reports using final data. See Technical Notes.","**","162"
"AK","2022","December","12 month-ending","Natural, semi-synthetic, & synthetic opioids, incl. methadone (T40.2-T40.4)","179","100","0","Alaska","Numbers may differ from published reports using final data. See Technical Notes.","**","179"
"AK","2023","January","12 month-ending","Natural, semi-synthetic, & synthetic opioids, incl. methadone (T40.2-T40.4)","193","100","0","Alaska","Numbers may differ from published reports using final data. See Technical Notes.","**","193"
"AK","2023","February","12 month-ending","Natural, semi-synthetic, & synthetic opioids, incl. methadone (T40.2-T40.4)","201","100","0","Alaska","Numbers may differ from published reports using final data. See Technical Notes.","**","201"
"AK","2023","March","12 month-ending","Natural, semi-synthetic, & synthetic opioids, incl. methadone (T40.2-T40.4)","193","100","0","Alaska","Numbers may differ from published reports using final data. See Technical Notes.","**","193"
"AK","2023","April","12 month-ending","Natural, semi-synthetic, & synthetic opioids, incl. methadone (T40.2-T40.4)","203","100","0","Alaska","Numbers may differ from published reports using final data. See Technical Notes.","**","203"
"AK","2023","May","12 month-ending","Natural, semi-synthetic, & synthetic opioids, incl. methadone (T40.2-T40.4)","216","100","0","Alaska","Numbers may differ from published reports using final data. See Technical Notes.","**","216"
"AK","2023","June","12 month-ending","Natural, semi-synthetic, & synthetic opioids, incl. methadone (T40.2-T40.4)","214","100","0","Alaska","Numbers may differ from published reports using final data. See Technical Notes.","**","214"
"AK","2023","July","12 month-ending","Natural, semi-synthetic, & synthetic opioids, incl. methadone (T40.2-T40.4)","218","100","0","Alaska","Numbers may differ from published reports using final data. See Technical Notes.","**","218"
"AK","2023","August","12 month-ending","Natural, semi-synthetic, & synthetic opioids, incl. methadone (T40.2-T40.4)","220","100","0","Alaska","Numbers may differ from published reports using final data. See Technical Notes.","**","220"
"AK","2023","September","12 month-ending","Natural, semi-synthetic, & synthetic opioids, incl. methadone (T40.2-T40.4)","241","100","0","Alaska","Numbers may differ from published reports using final data. See Technical Notes.","**","241"
"AK","2023","October","12 month-ending","Natural, semi-synthetic, & synthetic opioids, incl. methadone (T40.2-T40.4)","253","100","0","Alaska","Numbers may differ from published reports using final data. See Technical Notes.","**","253"
"AK","2023","November","12 month-ending","Natural, semi-synthetic, & synthetic opioids, incl. methadone (T40.2-T40.4)","265","100","0","Alaska","Numbers may differ from published reports using final data. See Technical Notes.","**","265"
"AK","2023","December","12 month-ending","Natural, semi-synthetic, & synthetic opioids, incl. methadone (T40.2-T40.4)","283","100","0","Alaska","Numbers may differ from published reports using final data. See Technical Notes.","**","283"
"AK","2024","January","12 month-ending","Natural, semi-synthetic, & synthetic opioids, incl. methadone (T40.2-T40.4)","296","100","0","Alaska","Underreported due to incomplete data.","*","296"
"AK","2024","February","12 month-ending","Natural, semi-synthetic, & synthetic opioids, incl. methadone (T40.2-T40.4)","311","100","0","Alaska","Underreported due to incomplete data.","*","311"
"AK","2024","March","12 month-ending","Natural, semi-synthetic, & synthetic opioids, incl. methadone (T40.2-T40.4)","320","100","0","Alaska","Underreported due to incomplete data.","*","320"
"AK","2024","April","12 month-ending","Natural, semi-synthetic, & synthetic opioids, incl. methadone (T40.2-T40.4)","325","100","0","Alaska","Underreported due to incomplete data.","*","325"
"AK","2024","May","12 month-ending","Natural, semi-synthetic, & synthetic opioids, incl. methadone (T40.2-T40.4)","328","100","0","Alaska","Underreported due to incomplete data.","*","328"
"AK","2024","June","12 month-ending","Natural, semi-synthetic, & synthetic opioids, incl. methadone (T40.2-T40.4)","339","100","0","Alaska","Underreported due to incomplete data.","*","339"
"AK","2024","July","12 month-ending","Natural, semi-synthetic, & synthetic opioids, incl. methadone (T40.2-T40.4)","340","100","0","Alaska","Underreported due to incomplete data.","*","340"
"AK","2024","August","12 month-ending","Natural, semi-synthetic, & synthetic opioids, incl. methadone (T40.2-T40.4)","335","100","0","Alaska","Underreported due to incomplete data.","*","335"
"AK","2024","September","12 month-ending","Natural, semi-synthetic, & synthetic opioids, incl. methadone (T40.2-T40.4)","313","100","0","Alaska","Underreported due to incomplete data.","*","313"
"AK","2024","October","12 month-ending","Natural, semi-synthetic, & synthetic opioids, incl. methadone (T40.2-T40.4)","309","100","0","Alaska","Underreported due to incomplete data.","*","309"
"AK","2024","November","12 month-ending","Natural, semi-synthetic, & synthetic opioids, incl. methadone (T40.2-T40.4)","304","100","0","Alaska","Underreported due to incomplete data.","*","304"
"AK","2024","December","12 month-ending","Natural, semi-synthetic, & synthetic opioids, incl. methadone (T40.2-T40.4)","274","100","0","Alaska","Underreported due to incomplete data.","*","274"
"AK","2025","January","12 month-ending","Natural, semi-synthetic, & synthetic opioids, incl. methadone (T40.2-T40.4)","259","100","0","Alaska","Underreported due to incomplete data.","*","259"
"AK","2025","February","12 month-ending","Natural, semi-synthetic, & synthetic opioids, incl. methadone (T40.2-T40.4)","249","100","0","Alaska","Underreported due to incomplete data.","*","249"
"AK","2025","March","12 month-ending","Natural, semi-synthetic, & synthetic opioids, incl. methadone (T40.2-T40.4)","247","100","0","Alaska","Underreported due to incomplete data.","*","247"
"AK","2025","April","12 month-ending","Natural, semi-synthetic, & synthetic opioids, incl. methadone (T40.2-T40.4)","244","100","0","Alaska","Underreported due to incomplete data.","*","244"
"AK","2025","May","12 month-ending","Natural, semi-synthetic, & synthetic opioids, incl. methadone (T40.2-T40.4)","240","100","0","Alaska","Underreported due to incomplete data.","*","240"
"AK","2025","June","12 month-ending","Natural, semi-synthetic, & synthetic opioids, incl. methadone (T40.2-T40.4)","237","100","0","Alaska","Underreported due to incomplete data.","*","237"
"AK","2025","July","12 month-ending","Natural, semi-synthetic, & synthetic opioids, incl. methadone (T40.2-T40.4)","231","100","0","Alaska","Underreported due to incomplete data.","*","231"
"AK","2025","August","12 month-ending","Natural, semi-synthetic, & synthetic opioids, incl. methadone (T40.2-T40.4)","237","100","0","Alaska","Underreported due to incomplete data.","*","237"
"AK","2025","September","12 month-ending","Natural, semi-synthetic, & synthetic opioids, incl. methadone (T40.2-T40.4)","240","100","0","Alaska","Underreported due to incomplete data.","*","240"
"AK","2025","October","12 month-ending","Natural, semi-synthetic, & synthetic opioids, incl. methadone (T40.2-T40.4)","236","100","0","Alaska","Underreported due to incomplete data.","*","236"
"AK","2015","January","12 month-ending","Number of Deaths","4034","100","0","Alaska","Numbers may differ from published reports using final data. See Technical Notes.","**",
"AK","2015","February","12 month-ending","Number of Deaths","4084","100","0","Alaska","Numbers may differ from published reports using final data. See Technical Notes.","**",
"AK","2015","March","12 month-ending","Number of Deaths","4101","100","0","Alaska","Numbers may differ from published reports using final data. See Technical Notes.","**",
"AK","2015","April","12 month-ending","Number of Deaths","4133","100","0","Alaska","Numbers may differ from published reports using final data. See Technical Notes.","**",
"AK","2015","May","12 month-ending","Number of Deaths","4196","100","0","Alaska","Numbers may differ from published reports using final data. See Technical Notes.","**",
"AK","2015","June","12 month-ending","Number of Deaths","4201","100","0","Alaska","Numbers may differ from published reports using final data. See Technical Notes.","**",
"AK","2015","July","12 month-ending","Number of Deaths","4220","100","0","Alaska","Numbers may differ from published reports using final data. See Technical Notes.","**",
"AK","2015","August","12 month-ending","Number of Deaths","4222","100","0","Alaska","Numbers may differ from published reports using final data. See Technical Notes.","**",
"AK","2015","September","12 month-ending","Number of Deaths","4242","100","0","Alaska","Numbers may differ from published reports using final data. See Technical Notes.","**",
"AK","2015","October","12 month-ending","Number of Deaths","4241","100","0","Alaska","Numbers may differ from published reports using final data. See Technical Notes.","**",
"AK","2015","November","12 month-ending","Number of Deaths","4219","100","0","Alaska","Numbers may differ from published reports using final data. See Technical Notes.","**",
"AK","2015","December","12 month-ending","Number of Deaths","4193","100","0","Alaska","Numbers may differ from published reports using final data. See Technical Notes.","**",
"AK","2016","January","12 month-ending","Number of Deaths","4213","100","0","Alaska","Numbers may differ from published reports using final data. See Technical Notes.","**",
"AK","2016","February","12 month-ending","Number of Deaths","4198","100","0","Alaska","Numbers may differ from published reports using final data. See Technical Notes.","**",
"AK","2016","March","12 month-ending","Number of Deaths","4230","100","0","Alaska","Numbers may differ from published reports using final data. See Technical Notes.","**",
"AK","2016","April","12 month-ending","Number of Deaths","4262","100","0","Alaska","Numbers may differ from published reports using final data. See Technical Notes.","**",
"AK","2016","May","12 month-ending","Number of Deaths","4241","100","0","Alaska","Numbers may differ from published reports using final data. See Technical Notes.","**",
"AK","2016","June","12 month-ending","Number of Deaths","4261","100","0","Alaska","Numbers may differ from published reports using final data. See Technical Notes.","**",
"AK","2016","July","12 month-ending","Number of Deaths","4269","100","0","Alaska","Numbers may differ from published reports using final data. See Technical Notes.","**",
"AK","2016","August","12 month-ending","Number of Deaths","4276","100","0.023386342","Alaska","Numbers may differ from published reports using final data. See Technical Notes.","**",
"AK","2016","September","12 month-ending","Number of Deaths","4256","100","0.046992481","Alaska","Numbers may differ from published reports using final data. See Technical Notes.","**",
"AK","2016","October","12 month-ending","Number of Deaths","4291","100","0.069913773","Alaska","Numbers may differ from published reports using final data. See Technical Notes.","**",
"AK","2016","November","12 month-ending","Number of Deaths","4289","100","0.069946374","Alaska","Numbers may differ from published reports using final data. See Technical Notes.","**",
"AK","2016","December","12 month-ending","Number of Deaths","4355","100","0.068886338","Alaska","Numbers may differ from published reports using final data. See Technical Notes.","**",
"AK","2017","January","12 month-ending","Number of Deaths","4374","100","0.068587106","Alaska","Numbers may differ from published reports using final data. See Technical Notes.","**",
"AK","2017","February","12 month-ending","Number of Deaths","4347","100","0.069013112","Alaska","Numbers may differ from published reports using final data. See Technical Notes.","**",
"AK","2017","March","12 month-ending","Number of Deaths","4359","100","0.068823125","Alaska","Numbers may differ from published reports using final data. See Technical Notes.","**",
"AK","2017","April","12 month-ending","Number of Deaths","4325","100","0.069364162","Alaska","Numbers may differ from published reports using final data. See Technical Notes.","**",
"AK","2017","May","12 month-ending","Number of Deaths","4277","100","0.070142623","Alaska","Numbers may differ from published reports using final data. See Technical Notes.","**",
"AK","2017","June","12 month-ending","Number of Deaths","4276","100","0.070159027","Alaska","Numbers may differ from published reports using final data. See Technical Notes.","**",
"AK","2017","July","12 month-ending","Number of Deaths","4236","100","0.07082153","Alaska","Numbers may differ from published reports using final data. See Technical Notes.","**",
"AK","2017","August","12 month-ending","Number of Deaths","4234","100","0.047236656","Alaska","Numbers may differ from published reports using final data. See Technical Notes.","**",
"AK","2017","September","12 month-ending","Number of Deaths","4299","100","0.023261224","Alaska","Numbers may differ from published reports using final data. See Technical Notes.","**",
"AK","2017","October","12 month-ending","Number of Deaths","4283","100","0","Alaska","Numbers may differ from published reports using final data. See Technical Notes.","**",
"AK","2017","November","12 month-ending","Number of Deaths","4308","100","0","Alaska","Numbers may differ from published reports using final data. See Technical Notes.","**",
"AK","2017","December","12 month-ending","Number of Deaths","4279","100","0","Alaska","Numbers may differ from published reports using final data. See Technical Notes.","**",
"AK","2018","January","12 month-ending","Number of Deaths","4259","100","0","Alaska","Numbers may differ from published reports using final data. See Technical Notes.","**",
"AK","2018","February","12 month-ending","Number of Deaths","4303","100","0","Alaska","Numbers may differ from published reports using final data. See Technical Notes.","**",
"AK","2018","March","12 month-ending","Number of Deaths","4285","100","0","Alaska","Numbers may differ from published reports using final data. See Technical Notes.","**",
"AK","2018","April","12 month-ending","Number of Deaths","4340","100","0","Alaska","Numbers may differ from published reports using final data. See Technical Notes.","**",
"AK","2018","May","12 month-ending","Number of Deaths","4351","100","0","Alaska","Numbers may differ from published reports using final data. See Technical Notes.","**",
"AK","2018","June","12 month-ending","Number of Deaths","4308","100","0","Alaska","Numbers may differ from published reports using final data. See Technical Notes.","**",
"AK","2018","July","12 month-ending","Number of Deaths","4337","100","0","Alaska","Numbers may differ from published reports using final data. See Technical Notes.","**",
"AK","2018","August","12 month-ending","Number of Deaths","4383","100","0","Alaska","Numbers may differ from published reports using final data. See Technical Notes.","**",
"AK","2018","September","12 month-ending","Number of Deaths","4324","100","0","Alaska","Numbers may differ from published reports using final data. See Technical Notes.","**",
"AK","2018","October","12 month-ending","Number of Deaths","4309","100","0","Alaska","Numbers may differ from published reports using final data. See Technical Notes.","**",
"AK","2018","November","12 month-ending","Number of Deaths","4333","100","0","Alaska","Numbers may differ from published reports using final data. See Technical Notes.","**",
"AK","2018","December","12 month-ending","Number of Deaths","4333","100","0","Alaska","Numbers may differ from published reports using final data. See Technical Notes.","**",
"AK","2019","January","12 month-ending","Number of Deaths","4357","100","0","Alaska","Numbers may differ from published reports using final data. See Technical Notes.","**",
"AK","2019","February","12 month-ending","Number of Deaths","4386","100","0","Alaska","Numbers may differ from published reports using final data. See Technical Notes.","**",
"AK","2019","March","12 month-ending","Number of Deaths","4441","100","0","Alaska","Numbers may differ from published reports using final data. See Technical Notes.","**",
"AK","2019","April","12 month-ending","Number of Deaths","4405","100","0","Alaska","Numbers may differ from published reports using final data. See Technical Notes.","**",
"AK","2019","May","12 month-ending","Number of Deaths","4460","100","0","Alaska","Numbers may differ from published reports using final data. See Technical Notes.","**",
"AK","2019","June","12 month-ending","Number of Deaths","4517","100","0","Alaska","Numbers may differ from published reports using final data. See Technical Notes.","**",
"AK","2019","July","12 month-ending","Number of Deaths","4475","100","0","Alaska","Numbers may differ from published reports using final data. See Technical Notes.","**",
"AK","2019","August","12 month-ending","Number of Deaths","4457","100","0","Alaska","Numbers may differ from published reports using final data. See Technical Notes.","**",
"AK","2019","September","12 month-ending","Number of Deaths","4473","100","0","Alaska","Numbers may differ from published reports using final data. See Technical Notes.","**",
"AK","2019","October","12 month-ending","Number of Deaths","4482","100","0","Alaska","Numbers may differ from published reports using final data. See Technical Notes.","**",
"AK","2019","November","12 month-ending","Number of Deaths","4503","100","0","Alaska","Numbers may differ from published reports using final data. See Technical Notes.","**",
"AK","2019","December","12 month-ending","Number of Deaths","4528","100","0","Alaska","Numbers may differ from published reports using final data. See Technical Notes.","**",
"AK","2020","January","12 month-ending","Number of Deaths","4545","100","0","Alaska","Numbers may differ from published reports using final data. See Technical Notes.","**",
"AK","2020","February","12 month-ending","Number of Deaths","4546","100","0","Alaska","Numbers may differ from published reports using final data. See Technical Notes.","**",
"AK","2020","March","12 month-ending","Number of Deaths","4495","100","0","Alaska","Numbers may differ from published reports using final data. See Technical Notes.","**",
"AK","2020","April","12 month-ending","Number of Deaths","4510","100","0","Alaska","Numbers may differ from published reports using final data. See Technical Notes.","**",
"AK","2020","May","12 month-ending","Number of Deaths","4507","100","0","Alaska","Numbers may differ from published reports using final data. See Technical Notes.","**",
"AK","2020","June","12 month-ending","Number of Deaths","4499","100","0","Alaska","Numbers may differ from published reports using final data. See Technical Notes.","**",
"AK","2020","July","12 month-ending","Number of Deaths","4604","100","0","Alaska","Numbers may differ from published reports using final data. See Technical Notes.","**",
"AK","2020","August","12 month-ending","Number of Deaths","4661","100","0","Alaska","Numbers may differ from published reports using final data. See Technical Notes.","**",
"AK","2020","September","12 month-ending","Number of Deaths","4723","100","0","Alaska","Numbers may differ from published reports using final data. See Technical Notes.","**",
"AK","2020","October","12 month-ending","Number of Deaths","4816","100","0","Alaska","Numbers may differ from published reports using final data. See Technical Notes.","**",
"AK","2020","November","12 month-ending","Number of Deaths","4910","100","0","Alaska","Numbers may differ from published reports using final data. See Technical Notes.","**",
"AK","2020","December","12 month-ending","Number of Deaths","5008","100","0","Alaska","Numbers may differ from published reports using final data. See Technical Notes.","**",
"AK","2021","January","12 month-ending","Number of Deaths","5059","100","0","Alaska","Numbers may differ from published reports using final data. See Technical Notes.","**",
"AK","2021","February","12 month-ending","Number of Deaths","5061","100","0","Alaska","Numbers may differ from published reports using final data. See Technical Notes.","**",
"AK","2021","March","12 month-ending","Number of Deaths","5125","100","0","Alaska","Numbers may differ from published reports using final data. See Technical Notes.","**",
"AK","2021","April","12 month-ending","Number of Deaths","5182","100","0","Alaska","Numbers may differ from published reports using final data. See Technical Notes.","**",
"AK","2021","May","12 month-ending","Number of Deaths","5229","100","0","Alaska","Numbers may differ from published reports using final data. See Technical Notes.","**",
"AK","2021","June","12 month-ending","Number of Deaths","5273","100","0","Alaska","Numbers may differ from published reports using final data. See Technical Notes.","**",
"AK","2021","July","12 month-ending","Number of Deaths","5308","100","0","Alaska","Numbers may differ from published reports using final data. See Technical Notes.","**",
"AK","2021","August","12 month-ending","Number of Deaths","5473","100","0","Alaska","Numbers may differ from published reports using final data. See Technical Notes.","**",
"AK","2021","September","12 month-ending","Number of Deaths","5693","100","0","Alaska","Numbers may differ from published reports using final data. See Technical Notes.","**",
"AK","2021","October","12 month-ending","Number of Deaths","5944","100","0","Alaska","Numbers may differ from published reports using final data. See Technical Notes.","**",
"AK","2021","November","12 month-ending","Number of Deaths","6035","100","0","Alaska","Numbers may differ from published reports using final data. See Technical Notes.","**",
"AK","2021","December","12 month-ending","Number of Deaths","6076","100","0","Alaska","Numbers may differ from published reports using final data. See Technical Notes.","**",
"AK","2022","January","12 month-ending","Number of Deaths","6122","100","0","Alaska","Numbers may differ from published reports using final data. See Technical Notes.","**",
"AK","2022","February","12 month-ending","Number of Deaths","6190","100","0","Alaska","Numbers may differ from published reports using final data. See Technical Notes.","**",
"AK","2022","March","12 month-ending","Number of Deaths","6217","100","0","Alaska","Numbers may differ from published reports using final data. See Technical Notes.","**",
"AK","2022","April","12 month-ending","Number of Deaths","6216","100","0","Alaska","Numbers may differ from published reports using final data. See Technical Notes.","**",
"AK","2022","May","12 month-ending","Number of Deaths","6215","100","0","Alaska","Numbers may differ from published reports using final data. See Technical Notes.","**",
"AK","2022","June","12 month-ending","Number of Deaths","6271","100","0","Alaska","Numbers may differ from published reports using final data. See Technical Notes.","**",
"AK","2022","July","12 month-ending","Number of Deaths","6297","100","0","Alaska","Numbers may differ from published reports using final data. See Technical Notes.","**",
"AK","2022","August","12 month-ending","Number of Deaths","6168","100","0","Alaska","Numbers may differ from published reports using final data. See Technical Notes.","**",
"AK","2022","September","12 month-ending","Number of Deaths","5969","100","0","Alaska","Numbers may differ from published reports using final data. See Technical Notes.","**",
"AK","2022","October","12 month-ending","Number of Deaths","5715","100","0","Alaska","Numbers may differ from published reports using final data. See Technical Notes.","**",
"AK","2022","November","12 month-ending","Number of Deaths","5564","100","0","Alaska","Numbers may differ from published reports using final data. See Technical Notes.","**",
"AK","2022","December","12 month-ending","Number of Deaths","5550","100","0","Alaska","Numbers may differ from published reports using final data. See Technical Notes.","**",
"AK","2023","January","12 month-ending","Number of Deaths","5533","100","0","Alaska","Numbers may differ from published reports using final data. See Technical Notes.","**",
"AK","2023","February","12 month-ending","Number of Deaths","5520","100","0","Alaska","Numbers may differ from published reports using final data. See Technical Notes.","**",
"AK","2023","March","12 month-ending","Number of Deaths","5514","100","0","Alaska","Numbers may differ from published reports using final data. See Technical Notes.","**",
"AK","2023","April","12 month-ending","Number of Deaths","5545","100","0","Alaska","Numbers may differ from published reports using final data. See Technical Notes.","**",
"AK","2023","May","12 month-ending","Number of Deaths","5550","100","0","Alaska","Numbers may differ from published reports using final data. See Technical Notes.","**",
"AK","2023","June","12 month-ending","Number of Deaths","5513","100","0","Alaska","Numbers may differ from published reports using final data. See Technical Notes.","**",
"AK","2023","July","12 month-ending","Number of Deaths","5441","100","0","Alaska","Numbers may differ from published reports using final data. See Technical Notes.","**",
"AK","2023","August","12 month-ending","Number of Deaths","5426","100","0","Alaska","Numbers may differ from published reports using final data. See Technical Notes.","**",
"AK","2023","September","12 month-ending","Number of Deaths","5460","100","0","Alaska","Numbers may differ from published reports using final data. See Technical Notes.","**",
"AK","2023","October","12 month-ending","Number of Deaths","5454","100","0","Alaska","Numbers may differ from published reports using final data. See Technical Notes.","**",
"AK","2023","November","12 month-ending","Number of Deaths","5498","100","0","Alaska","Numbers may differ from published reports using final data. See Technical Notes.","**",
"AK","2023","December","12 month-ending","Number of Deaths","5452","100","0","Alaska","Numbers may differ from published reports using final data. See Technical Notes.","**",
"AK","2024","January","12 month-ending","Number of Deaths","5460","100","0","Alaska","Underreported due to incomplete data.","*",
"AK","2024","February","12 month-ending","Number of Deaths","5524","100","0","Alaska","Underreported due to incomplete data.","*",
"AK","2024","March","12 month-ending","Number of Deaths","5523","100","0","Alaska","Underreported due to incomplete data.","*",
"AK","2024","April","12 month-ending","Number of Deaths","5503","100","0","Alaska","Underreported due to incomplete data.","*",
"AK","2024","May","12 month-ending","Number of Deaths","5535","100","0","Alaska","Underreported due to incomplete data.","*",
"AK","2024","June","12 month-ending","Number of Deaths","5536","100","0","Alaska","Underreported due to incomplete data.","*",
"AK","2024","July","12 month-ending","Number of Deaths","5564","100","0","Alaska","Underreported due to incomplete data.","*",
"AK","2024","August","12 month-ending","Number of Deaths","5563","100","0","Alaska","Underreported due to incomplete data.","*",
"AK","2024","September","12 month-ending","Number of Deaths","5533","100","0","Alaska","Underreported due to incomplete data.","*",
"AK","2024","October","12 month-ending","Number of Deaths","5526","100","0","Alaska","Underreported due to incomplete data.","*",
"AK","2024","November","12 month-ending","Number of Deaths","5479","100","0","Alaska","Underreported due to incomplete data.","*",
"AK","2024","December","12 month-ending","Number of Deaths","5424","100","0","Alaska","Underreported due to incomplete data.","*",
"AK","2025","January","12 month-ending","Number of Deaths","5369","100","0","Alaska","Underreported due to incomplete data.","*",
"AK","2025","February","12 month-ending","Number of Deaths","5321","100","0","Alaska","Underreported due to incomplete data.","*",
"AK","2025","March","12 month-ending","Number of Deaths","5359","100","0","Alaska","Underreported due to incomplete data.","*",
"AK","2025","April","12 month-ending","Number of Deaths","5398","100","0","Alaska","Underreported due to incomplete data.","*",
"AK","2025","May","12 month-ending","Number of Deaths","5402","100","0","Alaska","Underreported due to incomplete data.","*",
"AK","2025","June","12 month-ending","Number of Deaths","5427","100","0","Alaska","Underreported due to incomplete data.","*",
"AK","2025","July","12 month-ending","Number of Deaths","5448","100","0","Alaska","Underreported due to incomplete data.","*",
"AK","2025","August","12 month-ending","Number of Deaths","5436","100","0","Alaska","Underreported due to incomplete data.","*",
"AK","2025","September","12 month-ending","Number of Deaths","5439","100","0","Alaska","Underreported due to incomplete data.","*",
"AK","2025","October","12 month-ending","Number of Deaths","5414","100","0","Alaska","Underreported due to incomplete data.","*",
"AK","2015","January","12 month-ending","Number of Drug Overdose Deaths","126","100","0","Alaska","Numbers may differ from published reports using final data. See Technical Notes.","**","126"
"AK","2015","February","12 month-ending","Number of Drug Overdose Deaths","127","100","0","Alaska","Numbers may differ from published reports using final data. See Technical Notes.","**","127"
"AK","2015","March","12 month-ending","Number of Drug Overdose Deaths","125","100","0","Alaska","Numbers may differ from published reports using final data. See Technical Notes.","**","125"
"AK","2015","April","12 month-ending","Number of Drug Overdose Deaths","126","100","0","Alaska","Numbers may differ from published reports using final data. See Technical Notes.","**","126"
"AK","2015","May","12 month-ending","Number of Drug Overdose Deaths","125","100","0","Alaska","Numbers may differ from published reports using final data. See Technical Notes.","**","125"
"AK","2015","June","12 month-ending","Number of Drug Overdose Deaths","121","100","0","Alaska","Numbers may differ from published reports using final data. See Technical Notes.","**","121"
"AK","2015","July","12 month-ending","Number of Drug Overdose Deaths","117","100","0","Alaska","Numbers may differ from published reports using final data. See Technical Notes.","**","117"
"AK","2015","August","12 month-ending","Number of Drug Overdose Deaths","124","100","0","Alaska","Numbers may differ from published reports using final data. See Technical Notes.","**","124"
"AK","2015","September","12 month-ending","Number of Drug Overdose Deaths","125","100","0","Alaska","Numbers may differ from published reports using final data. See Technical Notes.","**","125"
"AK","2015","October","12 month-ending","Number of Drug Overdose Deaths","120","100","0","Alaska","Numbers may differ from published reports using final data. See Technical Notes.","**","120"
"AK","2015","November","12 month-ending","Number of Drug Overdose Deaths","115","100","0","Alaska","Numbers may differ from published reports using final data. See Technical Notes.","**","115"
"AK","2015","December","12 month-ending","Number of Drug Overdose Deaths","121","100","0","Alaska","Numbers may differ from published reports using final data. See Technical Notes.","**","121"
"AK","2016","January","12 month-ending","Number of Drug Overdose Deaths","126","100","0","Alaska","Numbers may differ from published reports using final data. See Technical Notes.","**","126"
"AK","2016","February","12 month-ending","Number of Drug Overdose Deaths","128","100","0","Alaska","Numbers may differ from published reports using final data. See Technical Notes.","**","128"
"AK","2016","March","12 month-ending","Number of Drug Overdose Deaths","125","100","0","Alaska","Numbers may differ from published reports using final data. See Technical Notes.","**","125"
"AK","2016","April","12 month-ending","Number of Drug Overdose Deaths","132","100","0","Alaska","Numbers may differ from published reports using final data. See Technical Notes.","**","132"
"AK","2016","May","12 month-ending","Number of Drug Overdose Deaths","140","100","0","Alaska","Numbers may differ from published reports using final data. See Technical Notes.","**","140"
"AK","2016","June","12 month-ending","Number of Drug Overdose Deaths","138","100","0","Alaska","Numbers may differ from published reports using final data. See Technical Notes.","**","138"
"AK","2016","July","12 month-ending","Number of Drug Overdose Deaths","143","100","0","Alaska","Numbers may differ from published reports using final data. See Technical Notes.","**","143"
"AK","2016","August","12 month-ending","Number of Drug Overdose Deaths","138","100","0.023386342","Alaska","Numbers may differ from published reports using final data. See Technical Notes.","**","138"
"AK","2016","September","12 month-ending","Number of Drug Overdose Deaths","131","100","0.046992481","Alaska","Numbers may differ from published reports using final data. See Technical Notes.","**","131"
"AK","2016","October","12 month-ending","Number of Drug Overdose Deaths","131","100","0.069913773","Alaska","Numbers may differ from published reports using final data. See Technical Notes.","**","131"
"AK","2016","November","12 month-ending","Number of Drug Overdose Deaths","133","100","0.069946374","Alaska","Numbers may differ from published reports using final data. See Technical Notes.","**","133"
"AK","2016","December","12 month-ending","Number of Drug Overdose Deaths","129","100","0.068886338","Alaska","Numbers may differ from published reports using final data. See Technical Notes.","**","129"
"AK","2017","January","12 month-ending","Number of Drug Overdose Deaths","126","100","0.068587106","Alaska","Numbers may differ from published reports using final data. See Technical Notes.","**","126"
"AK","2017","February","12 month-ending","Number of Drug Overdose Deaths","124","100","0.069013112","Alaska","Numbers may differ from published reports using final data. See Technical Notes.","**","124"
"AK","2017","March","12 month-ending","Number of Drug Overdose Deaths","126","100","0.068823125","Alaska","Numbers may differ from published reports using final data. See Technical Notes.","**","126"
"AK","2017","April","12 month-ending","Number of Drug Overdose Deaths","117","100","0.069364162","Alaska","Numbers may differ from published reports using final data. See Technical Notes.","**","117"
"AK","2017","May","12 month-ending","Number of Drug Overdose Deaths","120","100","0.070142623","Alaska","Numbers may differ from published reports using final data. See Technical Notes.","**","120"
"AK","2017","June","12 month-ending","Number of Drug Overdose Deaths","122","100","0.070159027","Alaska","Numbers may differ from published reports using final data. See Technical Notes.","**","122"
"AK","2017","July","12 month-ending","Number of Drug Overdose Deaths","128","100","0.07082153","Alaska","Numbers may differ from published reports using final data. See Technical Notes.","**","128"
"AK","2017","August","12 month-ending","Number of Drug Overdose Deaths","137","100","0.047236656","Alaska","Numbers may differ from published reports using final data. See Technical Notes.","**","137"
"AK","2017","September","12 month-ending","Number of Drug Overdose Deaths","148","100","0.023261224","Alaska","Numbers may differ from published reports using final data. See Technical Notes.","**","148"
"AK","2017","October","12 month-ending","Number of Drug Overdose Deaths","144","100","0","Alaska","Numbers may differ from published reports using final data. See Technical Notes.","**","144"
"AK","2017","November","12 month-ending","Number of Drug Overdose Deaths","138","100","0","Alaska","Numbers may differ from published reports using final data. See Technical Notes.","**","138"
"AK","2017","December","12 month-ending","Number of Drug Overdose Deaths","141","100","0","Alaska","Numbers may differ from published reports using final data. See Technical Notes.","**","141"
"AK","2018","January","12 month-ending","Number of Drug Overdose Deaths","138","100","0","Alaska","Numbers may differ from published reports using final data. See Technical Notes.","**","138"
"AK","2018","February","12 month-ending","Number of Drug Overdose Deaths","139","100","0","Alaska","Numbers may differ from published reports using final data. See Technical Notes.","**","139"
"AK","2018","March","12 month-ending","Number of Drug Overdose Deaths","136","100","0","Alaska","Numbers may differ from published reports using final data. See Technical Notes.","**","136"
"AK","2018","April","12 month-ending","Number of Drug Overdose Deaths","142","100","0","Alaska","Numbers may differ from published reports using final data. See Technical Notes.","**","142"
"AK","2018","May","12 month-ending","Number of Drug Overdose Deaths","126","100","0","Alaska","Numbers may differ from published reports using final data. See Technical Notes.","**","126"
"AK","2018","June","12 month-ending","Number of Drug Overdose Deaths","125","100","0","Alaska","Numbers may differ from published reports using final data. See Technical Notes.","**","125"
"AK","2018","July","12 month-ending","Number of Drug Overdose Deaths","116","100","0","Alaska","Numbers may differ from published reports using final data. See Technical Notes.","**","116"
"AK","2018","August","12 month-ending","Number of Drug Overdose Deaths","110","100","0","Alaska","Numbers may differ from published reports using final data. See Technical Notes.","**","110"
"AK","2018","September","12 month-ending","Number of Drug Overdose Deaths","100","100","0","Alaska","Numbers may differ from published reports using final data. See Technical Notes.","**","100"
"AK","2018","October","12 month-ending","Number of Drug Overdose Deaths","99","100","0","Alaska","Numbers may differ from published reports using final data. See Technical Notes.","**","99"
"AK","2018","November","12 month-ending","Number of Drug Overdose Deaths","106","100","0","Alaska","Numbers may differ from published reports using final data. See Technical Notes.","**","106"
"AK","2018","December","12 month-ending","Number of Drug Overdose Deaths","105","100","0","Alaska","Numbers may differ from published reports using final data. See Technical Notes.","**","105"
"AK","2019","January","12 month-ending","Number of Drug Overdose Deaths","107","100","0","Alaska","Numbers may differ from published reports using final data. See Technical Notes.","**","107"
"AK","2019","February","12 month-ending","Number of Drug Overdose Deaths","115","100","0","Alaska","Numbers may differ from published reports using final data. See Technical Notes.","**","115"
"AK","2019","March","12 month-ending","Number of Drug Overdose Deaths","124","100","0","Alaska","Numbers may differ from published reports using final data. See Technical Notes.","**","124"
"AK","2019","April","12 month-ending","Number of Drug Overdose Deaths","119","100","0","Alaska","Numbers may differ from published reports using final data. See Technical Notes.","**","119"
"AK","2019","May","12 month-ending","Number of Drug Overdose Deaths","128","100","0","Alaska","Numbers may differ from published reports using final data. See Technical Notes.","**","128"
"AK","2019","June","12 month-ending","Number of Drug Overdose Deaths","132","100","0","Alaska","Numbers may differ from published reports using final data. See Technical Notes.","**","132"
"AK","2019","July","12 month-ending","Number of Drug Overdose Deaths","135","100","0","Alaska","Numbers may differ from published reports using final data. See Technical Notes.","**","135"
"AK","2019","August","12 month-ending","Number of Drug Overdose Deaths","130","100","0","Alaska","Numbers may differ from published reports using final data. See Technical Notes.","**","130"
"AK","2019","September","12 month-ending","Number of Drug Overdose Deaths","136","100","0","Alaska","Numbers may differ from published reports using final data. See Technical Notes.","**","136"
"AK","2019","October","12 month-ending","Number of Drug Overdose Deaths","146","100","0","Alaska","Numbers may differ from published reports using final data. See Technical Notes.","**","146"
"AK","2019","November","12 month-ending","Number of Drug Overdose Deaths","139","100","0","Alaska","Numbers may differ from published reports using final data. See Technical Notes.","**","139"
"AK","2019","December","12 month-ending","Number of Drug Overdose Deaths","133","100","0","Alaska","Numbers may differ from published reports using final data. See Technical Notes.","**","133"
"AK","2020","January","12 month-ending","Number of Drug Overdose Deaths","134","100","0","Alaska","Numbers may differ from published reports using final data. See Technical Notes.","**","134"
"AK","2020","February","12 month-ending","Number of Drug Overdose Deaths","125","100","0","Alaska","Numbers may differ from published reports using final data. See Technical Notes.","**","125"
"AK","2020","March","12 month-ending","Number of Drug Overdose Deaths","117","100","0","Alaska","Numbers may differ from published reports using final data. See Technical Notes.","**","117"
"AK","2020","April","12 month-ending","Number of Drug Overdose Deaths","120","100","0","Alaska","Numbers may differ from published reports using final data. See Technical Notes.","**","120"
"AK","2020","May","12 month-ending","Number of Drug Overdose Deaths","128","100","0","Alaska","Numbers may differ from published reports using final data. See Technical Notes.","**","128"
"AK","2020","June","12 month-ending","Number of Drug Overdose Deaths","132","100","0","Alaska","Numbers may differ from published reports using final data. See Technical Notes.","**","132"
"AK","2020","July","12 month-ending","Number of Drug Overdose Deaths","135","100","0","Alaska","Numbers may differ from published reports using final data. See Technical Notes.","**","135"
"AK","2020","August","12 month-ending","Number of Drug Overdose Deaths","139","100","0","Alaska","Numbers may differ from published reports using final data. See Technical Notes.","**","139"
"AK","2020","September","12 month-ending","Number of Drug Overdose Deaths","140","100","0","Alaska","Numbers may differ from published reports using final data. See Technical Notes.","**","140"
"AK","2020","October","12 month-ending","Number of Drug Overdose Deaths","134","100","0","Alaska","Numbers may differ from published reports using final data. See Technical Notes.","**","134"
"AK","2020","November","12 month-ending","Number of Drug Overdose Deaths","141","100","0","Alaska","Numbers may differ from published reports using final data. See Technical Notes.","**","141"
"AK","2020","December","12 month-ending","Number of Drug Overdose Deaths","146","100","0","Alaska","Numbers may differ from published reports using final data. See Technical Notes.","**","146"
"AK","2021","January","12 month-ending","Number of Drug Overdose Deaths","145","100","0","Alaska","Numbers may differ from published reports using final data. See Technical Notes.","**","145"
"AK","2021","February","12 month-ending","Number of Drug Overdose Deaths","152","100","0","Alaska","Numbers may differ from published reports using final data. See Technical Notes.","**","152"
"AK","2021","March","12 month-ending","Number of Drug Overdose Deaths","171","100","0","Alaska","Numbers may differ from published reports using final data. See Technical Notes.","**","171"
"AK","2021","April","12 month-ending","Number of Drug Overdose Deaths","178","100","0","Alaska","Numbers may differ from published reports using final data. See Technical Notes.","**","178"
"AK","2021","May","12 month-ending","Number of Drug Overdose Deaths","188","100","0","Alaska","Numbers may differ from published reports using final data. See Technical Notes.","**","188"
"AK","2021","June","12 month-ending","Number of Drug Overdose Deaths","193","100","0","Alaska","Numbers may differ from published reports using final data. See Technical Notes.","**","193"
"AK","2021","July","12 month-ending","Number of Drug Overdose Deaths","202","100","0","Alaska","Numbers may differ from published reports using final data. See Technical Notes.","**","202"
"AK","2021","August","12 month-ending","Number of Drug Overdose Deaths","218","100","0","Alaska","Numbers may differ from published reports using final data. See Technical Notes.","**","218"
"AK","2021","September","12 month-ending","Number of Drug Overdose Deaths","223","100","0","Alaska","Numbers may differ from published reports using final data. See Technical Notes.","**","223"
"AK","2021","October","12 month-ending","Number of Drug Overdose Deaths","238","100","0","Alaska","Numbers may differ from published reports using final data. See Technical Notes.","**","238"
"AK","2021","November","12 month-ending","Number of Drug Overdose Deaths","253","100","0","Alaska","Numbers may differ from published reports using final data. See Technical Notes.","**","253"
"AK","2021","December","12 month-ending","Number of Drug Overdose Deaths","255","100","0","Alaska","Numbers may differ from published reports using final data. See Technical Notes.","**","255"
"AK","2022","January","12 month-ending","Number of Drug Overdose Deaths","253","100","0","Alaska","Numbers may differ from published reports using final data. See Technical Notes.","**","253"
"AK","2022","February","12 month-ending","Number of Drug Overdose Deaths","257","100","0","Alaska","Numbers may differ from published reports using final data. See Technical Notes.","**","257"
"AK","2022","March","12 month-ending","Number of Drug Overdose Deaths","257","100","0","Alaska","Numbers may differ from published reports using final data. See Technical Notes.","**","257"
"AK","2022","April","12 month-ending","Number of Drug Overdose Deaths","257","100","0","Alaska","Numbers may differ from published reports using final data. See Technical Notes.","**","257"
"AK","2022","May","12 month-ending","Number of Drug Overdose Deaths","246","100","0","Alaska","Numbers may differ from published reports using final data. See Technical Notes.","**","246"
"AK","2022","June","12 month-ending","Number of Drug Overdose Deaths","256","100","0","Alaska","Numbers may differ from published reports using final data. See Technical Notes.","**","256"
